 batch,IMC_val,history_count,variance,stdv,rel_err,invsq_hist
1,  3.9934503E-01,100,  0.0000000E+00,  0.0000000E+00,  2.4354619E-01
2,  6.2913354E-01,101,  1.3200690E-02,  1.1489426E-01,  1.9172753E-01
3,  3.7170667E-01,102,  1.3315026E-02,  1.1539075E-01,  2.9589976E-01
4,  6.3926004E-01,103,  1.5567612E-02,  1.2477024E-01,  2.1090951E-01
5,  7.3332430E-01,104,  2.0443802E-02,  1.4298182E-01,  3.8908943E-01
6,  2.7266328E-01,105,  2.8072936E-02,  1.6754980E-01,  4.8351135E-01
7,  6.0513942E-01,106,  2.5228154E-02,  1.5883373E-01,  1.4627700E-01
8,  8.4710923E-01,107,  3.3669987E-02,  1.8349383E-01,  6.0462498E-01
9,  7.9099936E-01,108,  3.5098703E-02,  1.8734648E-01,  4.9833962E-01
10,  1.2044186E+00,109,  6.5827238E-02,  2.5656819E-01,  1.2814534E+00
11, -1.8542452E-01,110,  1.1742820E-01,  3.4267799E-01,  1.3512378E+00
12,  6.0489297E-01,111,  1.0771816E-01,  3.2820445E-01,  1.4581016E-01
13,  5.8967063E-01,112,  9.9445328E-02,  3.1534953E-01,  1.1697545E-01
14,  3.9692650E-01,113,  9.4495101E-02,  3.0740056E-01,  2.4812745E-01
15,  1.3281135E+00,114,  1.2450359E-01,  3.5285066E-01,  1.5157607E+00
16,  4.8289677E-01,115,  1.1774700E-01,  3.4314283E-01,  8.5279455E-02
17,  8.9751084E-01,116,  1.1549685E-01,  3.3984828E-01,  7.0009754E-01
18,  7.0871012E-01,117,  1.0945703E-01,  3.3084291E-01,  3.4246436E-01
19,  3.9565758E-01,118,  1.0640379E-01,  3.2619594E-01,  2.5053108E-01
20,  7.3417804E-01,119,  1.0174224E-01,  3.1897059E-01,  3.9070663E-01
21,  3.0651197E-01,120,  1.0142024E-01,  3.1846545E-01,  4.1939393E-01
22,  7.6258757E-01,121,  9.7856867E-02,  3.1282082E-01,  4.4452098E-01
23,  8.6902704E-01,122,  9.6299983E-02,  3.1032239E-01,  6.4614249E-01
24,  4.9484214E-01,123,  9.2968186E-02,  3.0490685E-01,  6.2652099E-02
25,  7.0338872E-01,124,  8.9516694E-02,  2.9919340E-01,  3.3238438E-01
26,  8.4393501E-01,125,  8.7873974E-02,  2.9643545E-01,  5.9861225E-01
27,  8.3074705E-01,126,  8.6031163E-02,  2.9331069E-01,  5.7363114E-01
28,  2.0165886E-01,127,  8.9550398E-02,  2.9924973E-01,  6.1801048E-01
29,  2.1231383E-01,128,  9.2092464E-02,  3.0346740E-01,  5.9782745E-01
30,  6.4743764E-01,129,  8.9069451E-02,  2.9844506E-01,  2.2639982E-01
31,  2.6164257E-01,130,  8.9998131E-02,  2.9999688E-01,  5.0438716E-01
32,  1.0971596E+00,131,  9.4687423E-02,  3.0771321E-01,  1.0782795E+00
33,  4.3763283E-01,132,  9.2741706E-02,  3.0453523E-01,  1.7102004E-01
34,  3.6248536E-01,133,  9.1756512E-02,  3.0291337E-01,  3.1336710E-01
35,  8.3711955E-01,134,  9.0665549E-02,  3.0110721E-01,  5.8570217E-01
36,  7.7434394E-01,135,  8.8885444E-02,  2.9813662E-01,  4.6679033E-01
37,  9.1022335E-01,136,  8.8797081E-02,  2.9798839E-01,  7.2417803E-01
38,  1.1318163E+00,137,  9.3130519E-02,  3.0517293E-01,  1.1439274E+00
39,  3.9670732E-01,138,  9.2161555E-02,  3.0358122E-01,  2.4854263E-01
40,  9.0572318E-01,139,  9.1725152E-02,  3.0286161E-01,  7.1565365E-01
41,  8.3465741E-01,140,  9.0428560E-02,  3.0071342E-01,  5.8103830E-01
42,  8.2943007E-01,141,  8.9103488E-02,  2.9850207E-01,  5.7113647E-01
43,  2.9544644E-01,142,  8.9809688E-02,  2.9968265E-01,  4.4035466E-01
44,  4.4795982E-01,143,  8.8562690E-02,  2.9759484E-01,  1.5145829E-01
45,  3.2887692E-01,144,  8.8601014E-02,  2.9765923E-01,  3.7702942E-01
46,  4.3935270E-01,145,  8.7415756E-02,  2.9566156E-01,  1.6776221E-01
47,  5.0413665E-01,146,  8.5844835E-02,  2.9299289E-01,  4.5046102E-02
48,  8.9357885E-01,147,  8.5589519E-02,  2.9255686E-01,  6.9264942E-01
49,  7.3015611E-01,148,  8.4063248E-02,  2.8993663E-01,  3.8308814E-01
50,  6.6820151E-01,149,  8.2414791E-02,  2.8707976E-01,  2.6573150E-01
51,  8.3318807E-01,150,  8.1607319E-02,  2.8566995E-01,  5.7825502E-01
52,  7.5877443E-01,151,  8.0340465E-02,  2.8344394E-01,  4.3729799E-01
53,  3.5520131E-01,152,  8.0269336E-02,  2.8331844E-01,  3.2716482E-01
54,  5.0188360E-01,153,  7.9077911E-02,  2.8120795E-01,  4.9313907E-02
55,  5.1590956E-01,154,  7.7860169E-02,  2.7903435E-01,  2.2745429E-02
56,  6.9657642E-01,155,  7.6559876E-02,  2.7669455E-01,  3.1948027E-01
57,  6.0635897E-01,156,  7.5223501E-02,  2.7426903E-01,  1.4858712E-01
58,  6.5859625E-01,157,  7.3944718E-02,  2.7192778E-01,  2.4753686E-01
59,  5.5050495E-01,158,  7.2787418E-02,  2.6979143E-01,  4.2786412E-02
60,  6.2233214E-01,159,  7.1574422E-02,  2.6753396E-01,  1.7884407E-01
61,  8.3588497E-01,160,  7.1117648E-02,  2.6667892E-01,  5.8336357E-01
62,  7.9090198E-01,161,  7.0388949E-02,  2.6530916E-01,  4.9815516E-01
63,  6.3669936E-01,162,  6.9272145E-02,  2.6319602E-01,  2.0605898E-01
64,  6.3893459E-01,163,  6.8190678E-02,  2.6113345E-01,  2.1029304E-01
65,  2.1920506E-01,164,  6.9714803E-02,  2.6403561E-01,  5.8477384E-01
66,  1.0937410E-01,165,  7.2626121E-02,  2.6949234E-01,  7.9281962E-01
67,  5.0002789E-01,166,  7.1744029E-02,  2.6785076E-01,  5.2829068E-02
68,  2.2293100E-01,167,  7.2921494E-02,  2.7003980E-01,  5.7771603E-01
69,  8.0848250E-01,168,  7.2429117E-02,  2.6912658E-01,  5.3145682E-01
70,  4.6085309E-01,169,  7.1718532E-02,  2.6780316E-01,  1.2703539E-01
71,  9.0259537E-01,170,  7.1893990E-02,  2.6813055E-01,  7.0972882E-01
72, -5.4095587E-02,171,  7.7018113E-02,  2.7752137E-01,  1.1024698E+00
73,  4.6454149E-01,172,  7.6230491E-02,  2.7609870E-01,  1.2004869E-01
74,  4.5978080E-01,173,  7.5474941E-02,  2.7472703E-01,  1.2906657E-01
75,  7.2289245E-01,174,  7.4662912E-02,  2.7324515E-01,  3.6932906E-01
76,  8.8715660E-01,175,  7.4729091E-02,  2.7336622E-01,  6.8048416E-01
77,  7.1930703E-01,176,  7.3921063E-02,  2.7188428E-01,  3.6253743E-01
78,  4.4972283E-01,177,  7.3291150E-02,  2.7072338E-01,  1.4811872E-01
79,  3.6084823E-01,178,  7.3115467E-02,  2.7039872E-01,  3.1646821E-01
80,  4.3444518E-01,179,  7.2552414E-02,  2.6935555E-01,  1.7705821E-01
81,  5.8167854E-01,180,  7.1661229E-02,  2.6769615E-01,  1.0183656E-01
82,  6.2334853E-01,181,  7.0793490E-02,  2.6607046E-01,  1.8076935E-01
83,  4.1109977E-01,182,  7.0369704E-02,  2.6527289E-01,  2.2127992E-01
84,  7.2844068E-01,183,  6.9730003E-02,  2.6406439E-01,  3.7983872E-01
85,  9.0386168E-01,184,  6.9981470E-02,  2.6454011E-01,  7.1212752E-01
86,  5.0930679E-01,185,  6.9270365E-02,  2.6319264E-01,  3.5252632E-02
87,  8.5282049E-01,186,  6.9184927E-02,  2.6303028E-01,  6.1544345E-01
88,  6.6040220E-01,187,  6.8432496E-02,  2.6159606E-01,  2.5095776E-01
89,  4.8047853E-01,188,  6.7839206E-02,  2.6045961E-01,  8.9860181E-02
90,  5.8697713E-01,189,  6.7088925E-02,  2.5901530E-01,  1.1187334E-01
91,  7.6268853E-02,190,  6.9385325E-02,  2.6341094E-01,  8.5552878E-01
92,  5.0396753E-01,191,  6.8727804E-02,  2.6215988E-01,  4.5366462E-02
93,  7.2335903E-01,192,  6.8156600E-02,  2.6106819E-01,  3.7021287E-01
94,  3.1145668E-01,193,  6.8302421E-02,  2.6134732E-01,  4.1002749E-01
95,  5.0041897E-01,194,  6.7678699E-02,  2.6015130E-01,  5.2088275E-02
96,  3.1681259E-01,195,  6.7771686E-02,  2.6032996E-01,  3.9988213E-01
97,  4.7365308E-01,196,  6.7216261E-02,  2.5926099E-01,  1.0278919E-01
98,  7.7999717E-01,197,  6.6891446E-02,  2.5863381E-01,  4.7749889E-01
99,  4.0744405E-01,198,  6.6559501E-02,  2.5799128E-01,  2.2820473E-01
100,  3.5135680E-01,199,  6.6462353E-02,  2.5780293E-01,  3.3444722E-01
101,  4.7898700E-01,200,  6.5922055E-02,  2.5675291E-01,  9.2685483E-02
102,  4.3812119E-01,202,  6.5492375E-02,  2.5591478E-01,  1.7009498E-01
103,  8.2200474E-01,204,  6.5391885E-02,  2.5571837E-01,  5.5707114E-01
104,  1.8943668E-01,206,  6.6278323E-02,  2.5744577E-01,  6.4116218E-01
105,  8.2947624E-01,208,  6.6213264E-02,  2.5731938E-01,  5.7122392E-01
106,  1.0919473E+00,210,  6.7972991E-02,  2.6071630E-01,  1.0684061E+00
107,  5.3884981E-01,212,  6.7363480E-02,  2.5954476E-01,  2.0708828E-02
108,  6.3565172E-01,214,  6.6757957E-02,  2.5837561E-01,  2.0407450E-01
109,  3.3669920E-01,216,  6.6735695E-02,  2.5833253E-01,  3.6221219E-01
110,  4.9223535E-01,218,  6.6213650E-02,  2.5732013E-01,  6.7589974E-02
111,  5.9240762E-01,220,  6.5617282E-02,  2.5615871E-01,  1.2215995E-01
112,  1.1114805E+00,222,  6.7453268E-02,  2.5971767E-01,  1.1054067E+00
113,  5.0592522E-01,224,  6.6922835E-02,  2.5869448E-01,  4.1658137E-02
114,  5.9101474E-01,226,  6.6335805E-02,  2.5755738E-01,  1.1952152E-01
115,  2.3365913E-01,228,  6.6867185E-02,  2.5858690E-01,  5.5739441E-01
116,  8.2024179E-01,230,  6.6747358E-02,  2.5835510E-01,  5.5373170E-01
117,  4.3680738E-01,232,  6.6378574E-02,  2.5764040E-01,  1.7258365E-01
118,  3.4138433E-01,234,  6.6334461E-02,  2.5755477E-01,  3.5333745E-01
119,  5.4939447E-01,236,  6.5789234E-02,  2.5649412E-01,  4.0682901E-02
120,  7.6942526E-01,238,  6.5514966E-02,  2.5595891E-01,  4.5747318E-01
121,  6.5491672E-01,240,  6.5009281E-02,  2.5496918E-01,  2.4056697E-01
122,  3.2361769E-01,242,  6.5050725E-02,  2.5505044E-01,  3.8699165E-01
123,  5.9829511E-01,244,  6.4522845E-02,  2.5401347E-01,  1.3331225E-01
124,  5.8755498E-01,246,  6.4002500E-02,  2.5298715E-01,  1.1296791E-01
125,  2.8503085E-01,248,  6.4215667E-02,  2.5340810E-01,  4.6008425E-01
126,  9.5297946E-01,250,  6.4772726E-02,  2.5450486E-01,  8.0516819E-01
127,  2.9033288E-01,252,  6.4954076E-02,  2.5486090E-01,  4.5004094E-01
128,  5.4452902E-01,254,  6.4459623E-02,  2.5388900E-01,  3.1466595E-02
129,  4.9995122E-01,256,  6.4015785E-02,  2.5301341E-01,  5.2974297E-02
130,  1.8467439E-01,258,  6.4743600E-02,  2.5444764E-01,  6.5018309E-01
131,  5.2384363E-01,260,  6.4274492E-02,  2.5352414E-01,  7.7164368E-03
132,  9.3414779E-01,262,  6.4725278E-02,  2.5441163E-01,  7.6949658E-01
133,  7.4005689E-01,264,  6.4421145E-02,  2.5381321E-01,  4.0184255E-01
134,  3.4515498E-01,266,  6.4365905E-02,  2.5370437E-01,  3.4619494E-01
135,  3.3187442E-01,268,  6.4352982E-02,  2.5367889E-01,  3.7135145E-01
136,  5.7534422E-01,270,  6.3880047E-02,  2.5274502E-01,  8.9837850E-02
137,  4.6440454E-01,272,  6.3512521E-02,  2.5201691E-01,  1.2030811E-01
138,  5.4663329E-01,274,  6.3060436E-02,  2.5111837E-01,  3.5452564E-02
139,  3.3562366E-01,276,  6.3033483E-02,  2.5106470E-01,  3.6424951E-01
140,  5.5105317E-01,278,  6.2588505E-02,  2.5017695E-01,  4.3824870E-02
141,  2.1823950E-01,280,  6.3056519E-02,  2.5111057E-01,  5.8660284E-01
142,  5.7908866E-01,282,  6.2612546E-02,  2.5022499E-01,  9.6930709E-02
143,  3.2113537E-01,284,  6.2624233E-02,  2.5024834E-01,  3.9169375E-01
144,  4.7026561E-01,286,  6.2263251E-02,  2.4952605E-01,  1.0920585E-01
145,  7.9760366E-01,288,  6.2179141E-02,  2.4935746E-01,  5.1084973E-01
146,  7.8057868E-01,290,  6.2041810E-02,  2.4908193E-01,  4.7860039E-01
147,  2.0657634E-01,292,  6.2541984E-02,  2.5008395E-01,  6.0869561E-01
148,  7.5967616E-01,294,  6.2351979E-02,  2.4970378E-01,  4.3900609E-01
149,  5.1216691E-02,296,  6.3760845E-02,  2.5250910E-01,  9.0298349E-01
150,  2.3108020E-01,298,  6.4102115E-02,  2.5318395E-01,  5.6227951E-01
151,  4.8735502E-01,300,  6.3721443E-02,  2.5243107E-01,  7.6834476E-02
152,  7.2975492E-01,303,  6.3472271E-02,  2.5193704E-01,  3.8232819E-01
153,  6.1523012E-01,306,  6.3070991E-02,  2.5113939E-01,  1.6539117E-01
154,  4.8620511E-01,309,  6.2706535E-02,  2.5041273E-01,  7.9012673E-02
155,  2.2808568E-01,312,  6.3048139E-02,  2.5109389E-01,  5.6795184E-01
156,  6.2345591E-01,315,  6.2664236E-02,  2.5032826E-01,  1.8097276E-01
157,  6.5146847E-01,318,  6.2309798E-02,  2.4961931E-01,  2.3403517E-01
158,  3.5636475E-01,321,  6.2197023E-02,  2.4939331E-01,  3.2496100E-01
159,  4.2305361E-01,324,  6.1934672E-02,  2.4886678E-01,  1.9863653E-01
160,  5.4980541E-01,327,  6.1549154E-02,  2.4809102E-01,  4.1461314E-02
161,  3.7309319E-01,330,  6.1395666E-02,  2.4778149E-01,  2.9327337E-01
162,  7.1164467E-01,333,  6.1149638E-02,  2.4728453E-01,  3.4802310E-01
163,  6.0504729E-01,336,  6.0784102E-02,  2.4654432E-01,  1.4610249E-01
164,  3.1758236E-01,339,  6.0786197E-02,  2.4654857E-01,  3.9842400E-01
165,  6.2190704E-01,342,  6.0437948E-02,  2.4584131E-01,  1.7803883E-01
166,  6.7934627E-01,345,  6.0152954E-02,  2.4526099E-01,  2.8684231E-01
167,  6.0550632E-01,348,  5.9802470E-02,  2.4454543E-01,  1.4697199E-01
168,  6.4669006E-01,351,  5.9485648E-02,  2.4389680E-01,  2.2498372E-01
169,  6.6117454E-01,354,  5.9187127E-02,  2.4328405E-01,  2.5242076E-01
170,  7.7335677E-01,357,  5.9089432E-02,  2.4308318E-01,  4.6492040E-01
171,  5.7404850E-01,360,  5.8744120E-02,  2.4237186E-01,  8.7383456E-02
172,  6.7776703E-01,363,  5.8472666E-02,  2.4181122E-01,  2.8385084E-01
173,  6.0350002E-01,366,  5.8141796E-02,  2.4112610E-01,  1.4317159E-01
174,  5.4078266E-01,369,  5.7812037E-02,  2.4044134E-01,  2.4370100E-02
175,  7.1894320E-01,372,  5.7610550E-02,  2.4002198E-01,  3.6184823E-01
176,  5.4628589E-01,375,  5.7286184E-02,  2.3934532E-01,  3.4794512E-02
177,  6.0877239E-01,378,  5.6971388E-02,  2.3868680E-01,  1.5315870E-01
178,  4.0796628E-01,381,  5.6796721E-02,  2.3832063E-01,  2.2721549E-01
179,  6.1652520E-01,384,  5.6492293E-02,  2.3768107E-01,  1.6784436E-01
180,  5.1459187E-01,387,  5.6194596E-02,  2.3705399E-01,  2.5241439E-02
181,  7.8348704E-01,390,  5.6138412E-02,  2.3693546E-01,  4.8410951E-01
182,  8.0184312E-01,393,  5.6124826E-02,  2.3690679E-01,  5.1888027E-01
183,  7.7434159E-01,396,  5.6043237E-02,  2.3673453E-01,  4.6678587E-01
184,  1.0325386E-01,399,  5.6925976E-02,  2.3859165E-01,  8.0441279E-01
185,  5.0010112E-01,402,  5.6644076E-02,  2.3800016E-01,  5.2690356E-02
186,  2.3212870E-03,406,  5.8056807E-02,  2.4094980E-01,  9.9560293E-01
187,  5.1773515E-01,410,  5.7758716E-02,  2.4033043E-01,  1.9287338E-02
188,  7.8217477E-01,414,  5.7699408E-02,  2.4020701E-01,  4.8162377E-01
189,  4.2490191E-01,418,  5.7500179E-02,  2.3979195E-01,  1.9513542E-01
190,  6.5377696E-01,422,  5.7237786E-02,  2.3924420E-01,  2.3840800E-01
191,  5.0535823E-01,426,  5.6957625E-02,  2.3865797E-01,  4.2732147E-02
192,  6.9673154E-01,430,  5.6749185E-02,  2.3822087E-01,  3.1977412E-01
193,  6.3667849E-01,434,  5.6480225E-02,  2.3765569E-01,  2.0601944E-01
194,  3.4405438E-01,438,  5.6444642E-02,  2.3758081E-01,  3.4827975E-01
195,  4.7477817E-01,442,  5.6197767E-02,  2.3706068E-01,  1.0065800E-01
196,  6.1296568E-01,446,  5.5922398E-02,  2.3647917E-01,  1.6110178E-01
197,  4.4451988E-01,450,  5.5712950E-02,  2.3603591E-01,  1.5797435E-01
198,  5.2447266E-01,454,  5.5439946E-02,  2.3545689E-01,  6.5249030E-03
199,  6.9583353E-01,458,  5.5246821E-02,  2.3504642E-01,  3.1807307E-01
200,  5.6833130E-01,462,  5.4970620E-02,  2.3445814E-01,  7.6553725E-02
201,  7.0860115E-01,466,  5.4798141E-02,  2.3409003E-01,  3.4225796E-01
202,  3.5537018E-01,470,  5.4746381E-02,  2.3397944E-01,  3.2684494E-01
203,  3.9484964E-01,474,  5.4619318E-02,  2.3370776E-01,  2.5206151E-01
204,  4.6474360E-01,478,  5.4400201E-02,  2.3323851E-01,  1.1966584E-01
205,  7.6079308E-01,482,  5.4322645E-02,  2.3307219E-01,  4.4112180E-01
206,  5.3091339E-01,486,  5.4064574E-02,  2.3251790E-01,  5.6753620E-03
207,  4.3306869E-01,490,  5.3886932E-02,  2.3213559E-01,  1.7966561E-01
208,  5.2660474E-01,494,  5.3634641E-02,  2.3159154E-01,  2.4862268E-03
209,  5.1982383E-01,498,  5.3387339E-02,  2.3105700E-01,  1.5330887E-02
210,  3.2395786E-01,502,  5.3405870E-02,  2.3109710E-01,  3.8634729E-01
211,  2.6163502E-01,507,  5.3580349E-02,  2.3147429E-01,  5.0440148E-01
212,  8.0001274E-01,512,  5.3595156E-02,  2.3150628E-01,  5.1541309E-01
213,  5.4718095E-01,517,  5.3344620E-02,  2.3096454E-01,  3.6489962E-02
214,  4.9242067E-01,522,  5.3118087E-02,  2.3047362E-01,  6.7238930E-02
215,  3.6305957E-01,527,  5.3054284E-02,  2.3033516E-01,  3.1227941E-01
216,  2.6969922E-01,532,  5.3199945E-02,  2.3065113E-01,  4.8912597E-01
217,  4.0894058E-01,537,  5.3059101E-02,  2.3034561E-01,  2.2536995E-01
218,  8.3574137E-01,542,  5.3165287E-02,  2.3057599E-01,  5.8309156E-01
219,  5.0561535E-01,547,  5.2936124E-02,  2.3007852E-01,  4.2245090E-02
220,  7.5769473E-01,552,  5.2872227E-02,  2.2993962E-01,  4.3525280E-01
221,  5.7752457E-01,557,  5.2634221E-02,  2.2942149E-01,  9.3967953E-02
222,  8.2947115E-01,562,  5.2720238E-02,  2.2960888E-01,  5.7121429E-01
223,  5.1744828E-01,567,  5.2492785E-02,  2.2911304E-01,  1.9830736E-02
224,  3.9337232E-01,572,  5.2384894E-02,  2.2887746E-01,  2.5485991E-01
225,  5.7335331E-01,577,  5.2152715E-02,  2.2836969E-01,  8.6066598E-02
226,  6.4173499E-01,582,  5.1950416E-02,  2.2792634E-01,  2.1559765E-01
227,  4.2254864E-01,587,  5.1806491E-02,  2.2761039E-01,  1.9959307E-01
228,  5.0930290E-01,592,  5.1590982E-02,  2.2713648E-01,  3.5260014E-02
229,  5.4326275E-01,597,  5.1367041E-02,  2.2664298E-01,  2.9067964E-02
230,  6.3942550E-01,602,  5.1170475E-02,  2.2620892E-01,  2.1122294E-01
231,  5.8565284E-01,608,  5.0951549E-02,  2.2572450E-01,  1.0936482E-01
232,  5.1718556E-01,614,  5.0740259E-02,  2.2525599E-01,  2.0328382E-02
233,  3.7677308E-01,620,  5.0667602E-02,  2.2509465E-01,  2.8630278E-01
234,  6.6296958E-01,626,  5.0495967E-02,  2.2471308E-01,  2.5582099E-01
235,  3.5848804E-01,632,  5.0454340E-02,  2.2462044E-01,  3.2093898E-01
236,  6.0986163E-01,638,  5.0251110E-02,  2.2416759E-01,  1.5522198E-01
237,  3.5045026E-01,644,  5.0223659E-02,  2.2410636E-01,  3.3616443E-01
238,  5.4416643E-01,650,  5.0013576E-02,  2.2363715E-01,  3.0779752E-02
239,  5.5671181E-01,656,  4.9804338E-02,  2.2316886E-01,  5.4543665E-02
240,  4.3992241E-01,662,  4.9655743E-02,  2.2283569E-01,  1.6668304E-01
241,  6.0213916E-01,668,  4.9457539E-02,  2.2239051E-01,  1.4059380E-01
242,  5.3167847E-01,674,  4.9256190E-02,  2.2193736E-01,  7.1246134E-03
243,  8.0628014E-01,680,  4.9304776E-02,  2.2204679E-01,  5.2728504E-01
244,  4.4072300E-01,686,  4.9160465E-02,  2.2172159E-01,  1.6516654E-01
245,  2.4020615E-01,692,  4.9373432E-02,  2.2220133E-01,  5.4499280E-01
246,  6.9988497E-01,698,  4.9254354E-02,  2.2193322E-01,  3.2574746E-01
247,  9.2782465E-01,704,  4.9605032E-02,  2.2272187E-01,  7.5751904E-01
248,  4.6405829E-01,711,  4.9441951E-02,  2.2235546E-01,  1.2096398E-01
249,  7.4002078E-01,718,  4.9373627E-02,  2.2220177E-01,  4.0177415E-01
250,  2.9470352E-01,725,  4.9457172E-02,  2.2238969E-01,  4.4176193E-01
251,  3.8669222E-01,732,  4.9378275E-02,  2.2221223E-01,  2.6751360E-01
252,  5.7255610E-01,739,  4.9183104E-02,  2.2177264E-01,  8.4556496E-02
253,  6.9429017E-01,746,  4.9061183E-02,  2.2149759E-01,  3.1514958E-01
254,  5.6378389E-01,753,  4.8868113E-02,  2.2106133E-01,  6.7939861E-02
255,  5.3413113E-01,760,  4.8678921E-02,  2.2063300E-01,  1.1770536E-02
256,  4.8264957E-01,767,  4.8511489E-02,  2.2025324E-01,  8.5747716E-02
257,  5.9189712E-01,774,  4.8326983E-02,  2.1983399E-01,  1.2119295E-01
258,  5.6200354E-01,781,  4.8139706E-02,  2.1940763E-01,  6.4567459E-02
259,  7.3115307E-01,788,  4.8067949E-02,  2.1924404E-01,  3.8497662E-01
260,  5.0964198E-01,795,  4.7892623E-02,  2.1884383E-01,  3.4617714E-02
261,  5.4193241E-01,802,  4.7710288E-02,  2.1842685E-01,  2.6547993E-02
262,  3.9606834E-01,810,  4.7629512E-02,  2.1824187E-01,  2.4975300E-01
263,  4.7236104E-01,818,  4.7476640E-02,  2.1789135E-01,  1.0523661E-01
264,  4.0603545E-01,826,  4.7384362E-02,  2.1767949E-01,  2.3087295E-01
265,  6.9416135E-01,834,  4.7275472E-02,  2.1742924E-01,  3.1490557E-01
266,  6.3817000E-01,842,  4.7121638E-02,  2.1707519E-01,  2.0884472E-01
267,  2.8254688E-01,850,  4.7229494E-02,  2.1732348E-01,  4.6478946E-01
268,  5.9002843E-01,858,  4.7057182E-02,  2.1692667E-01,  1.1765322E-01
269,  6.8898684E-01,866,  4.6946099E-02,  2.1667048E-01,  3.0510381E-01
270,  6.3600544E-01,874,  4.6794577E-02,  2.1632054E-01,  2.0474454E-01
271,  3.6650596E-01,882,  4.6757370E-02,  2.1623453E-01,  3.0575113E-01
272,  5.0865204E-01,890,  4.6594299E-02,  2.1585713E-01,  3.6492894E-02
273,  5.3138413E-01,898,  4.6426127E-02,  2.1546723E-01,  6.5670600E-03
274,  5.5159566E-01,906,  4.6256815E-02,  2.1507397E-01,  4.4852466E-02
275,  4.1481953E-01,915,  4.6162322E-02,  2.1485419E-01,  2.1423383E-01
276,  7.1444039E-01,924,  4.6084622E-02,  2.1467329E-01,  3.5331885E-01
277,  6.8146212E-01,933,  4.5973519E-02,  2.1441436E-01,  2.9085023E-01
278,  5.8432205E-01,942,  4.5810639E-02,  2.1403420E-01,  1.0684398E-01
279,  5.2957678E-01,951,  4.5649338E-02,  2.1365706E-01,  3.1435034E-03
280,  5.2313800E-01,960,  4.5490617E-02,  2.1328530E-01,  9.0530633E-03
281,  5.6989998E-01,969,  4.5329246E-02,  2.1290666E-01,  7.9525184E-02
282,  3.8591584E-01,978,  4.5272981E-02,  2.1277448E-01,  2.6898425E-01
283,  5.4772784E-01,987,  4.5113325E-02,  2.1239898E-01,  3.7525904E-02
284,  4.7946806E-01,996,  4.4975689E-02,  2.1207472E-01,  9.1774236E-02
285,  4.8060043E-01,1005,  4.4838261E-02,  2.1175047E-01,  8.9629259E-02
286,  5.2969537E-01,1015,  4.4684022E-02,  2.1138595E-01,  3.3681448E-03
287,  3.9788259E-01,1025,  4.4615783E-02,  2.1122448E-01,  2.4631639E-01
288,  5.7030063E-01,1035,  4.4461571E-02,  2.1085913E-01,  8.0284104E-02
289,  5.7164764E-01,1045,  4.4308560E-02,  2.1049599E-01,  8.2835660E-02
290,  6.1920349E-01,1055,  4.4169439E-02,  2.1016527E-01,  1.7291767E-01
291,  4.5350476E-01,1065,  4.4053881E-02,  2.0989016E-01,  1.4095486E-01
292,  4.8455282E-01,1075,  4.3920435E-02,  2.0957203E-01,  8.2142497E-02
293,  5.9894718E-01,1085,  4.3776880E-02,  2.0922925E-01,  1.3454744E-01
294,  5.0741693E-01,1095,  4.3635949E-02,  2.0889219E-01,  3.8832477E-02
295,  5.2371586E-01,1105,  4.3491495E-02,  2.0854615E-01,  7.9584604E-03
296,  5.6593757E-01,1116,  4.3344922E-02,  2.0819443E-01,  7.2019431E-02
297,  4.2484525E-01,1127,  4.3256409E-02,  2.0798175E-01,  1.9524274E-01
298,  5.0224615E-01,1138,  4.3120640E-02,  2.0765510E-01,  4.8627152E-02
299,  4.2437036E-01,1149,  4.3033345E-02,  2.0744480E-01,  1.9614230E-01
300,  3.4310156E-01,1160,  4.3038524E-02,  2.0745728E-01,  3.5008460E-01
301,  5.3479803E-01,1171,  4.2896748E-02,  2.0711530E-01,  1.3033801E-02
302,  5.2784207E-01,1182,  4.2756937E-02,  2.0677751E-01,  1.4244316E-04
303,  5.5890807E-01,1193,  4.2615912E-02,  2.0643622E-01,  5.8703908E-02
304,  5.7904541E-01,1204,  4.2477822E-02,  2.0610149E-01,  9.6848783E-02
305,  4.6162632E-01,1216,  4.2366349E-02,  2.0583088E-01,  1.2557071E-01
306,  2.9300976E-01,1228,  4.2449013E-02,  2.0603158E-01,  4.4497030E-01
307,  5.8282614E-01,1240,  4.2313689E-02,  2.0570291E-01,  1.0401038E-01
308,  4.4078926E-01,1252,  4.2216910E-02,  2.0546754E-01,  1.6504102E-01
309,  5.0569831E-01,1264,  4.2087332E-02,  2.0515197E-01,  4.2087958E-02
310,  5.3258834E-01,1276,  4.1952814E-02,  2.0482386E-01,  8.8481215E-03
311,  7.0403414E-01,1288,  4.1891785E-02,  2.0467483E-01,  3.3360696E-01
312,  7.0891582E-01,1300,  4.1835472E-02,  2.0453721E-01,  3.4285402E-01
313,  4.6759271E-01,1313,  4.1725157E-02,  2.0426737E-01,  1.1426895E-01
314,  3.8825954E-01,1326,  4.1678365E-02,  2.0415280E-01,  2.6454472E-01
315,  3.1480311E-01,1339,  4.1724717E-02,  2.0426629E-01,  4.0368856E-01
316,  5.1829820E-01,1352,  4.1596188E-02,  2.0395143E-01,  1.8220778E-02
317,  4.4805502E-01,1365,  4.1498654E-02,  2.0371218E-01,  1.5127795E-01
318,  4.5084879E-01,1378,  4.1399740E-02,  2.0346926E-01,  1.4598589E-01
319,  5.4174524E-01,1391,  4.1270223E-02,  2.0315074E-01,  2.6193448E-02
320,  5.6556612E-01,1404,  4.1141925E-02,  2.0283472E-01,  7.1315818E-02
321,  5.2755125E-01,1418,  4.1015454E-02,  2.0252273E-01,  6.9331534E-04
322,  6.7864453E-01,1432,  4.0938634E-02,  2.0233298E-01,  2.8551305E-01
323,  4.0933933E-01,1446,  4.0874047E-02,  2.0217331E-01,  2.2461462E-01
324,  5.3254084E-01,1460,  4.0748919E-02,  2.0186362E-01,  8.7581378E-03
325,  6.1297611E-01,1474,  4.0635413E-02,  2.0158227E-01,  1.6112155E-01
326,  6.2964067E-01,1488,  4.0529702E-02,  2.0131990E-01,  1.9268816E-01
327,  5.3740150E-01,1502,  4.0406338E-02,  2.0101328E-01,  1.7965389E-02
328,  4.0861098E-01,1517,  4.0344899E-02,  2.0086040E-01,  2.2599430E-01
329,  6.5821359E-01,1532,  4.0257290E-02,  2.0064219E-01,  2.4681202E-01
330,  5.6853740E-01,1547,  4.0136223E-02,  2.0034027E-01,  7.6944136E-02
331,  4.4743050E-01,1562,  4.0047332E-02,  2.0011829E-01,  1.5246094E-01
332,  5.2516104E-01,1577,  3.9928678E-02,  1.9982162E-01,  5.2209387E-03
333,  5.5616053E-01,1592,  3.9808862E-02,  1.9952158E-01,  5.3499407E-02
334,  5.1083416E-01,1607,  3.9694422E-02,  1.9923459E-01,  3.2359443E-02
335,  5.0153317E-01,1623,  3.9583096E-02,  1.9895501E-01,  4.9977707E-02
336,  5.6791247E-01,1639,  3.9466194E-02,  1.9866100E-01,  7.5760365E-02
337,  4.3727907E-01,1655,  3.9387012E-02,  1.9846161E-01,  1.7169015E-01
338,  6.5586045E-01,1671,  3.9303434E-02,  1.9825094E-01,  2.4235460E-01
339,  5.9505291E-01,1687,  3.9193338E-02,  1.9797307E-01,  1.2717076E-01
340,  4.0076176E-01,1703,  3.9143914E-02,  1.9784821E-01,  2.4086256E-01
341,  6.5771175E-01,1720,  3.9062938E-02,  1.9764346E-01,  2.4586142E-01
342,  5.1321544E-01,1737,  3.8952768E-02,  1.9736456E-01,  2.7848739E-02
343,  5.6757714E-01,1754,  3.8840063E-02,  1.9707883E-01,  7.5125161E-02
344,  5.5213631E-01,1771,  3.8727165E-02,  1.9679219E-01,  4.5876597E-02
345,  5.1961517E-01,1788,  3.8617657E-02,  1.9651376E-01,  1.5726124E-02
346,  6.0777471E-01,1805,  3.8515550E-02,  1.9625379E-01,  1.5126886E-01
347,  5.6302628E-01,1823,  3.8405005E-02,  1.9597195E-01,  6.6504757E-02
348,  6.0241171E-01,1841,  3.8302353E-02,  1.9570987E-01,  1.4111008E-01
349,  4.4062253E-01,1859,  3.8227221E-02,  1.9551783E-01,  1.6535684E-01
350,  4.9809151E-01,1877,  3.8125790E-02,  1.9525826E-01,  5.6497026E-02
351,  3.9101646E-01,1895,  3.8089183E-02,  1.9516450E-01,  2.5932246E-01
352,  5.3755197E-01,1913,  3.7981399E-02,  1.9488817E-01,  1.8250407E-02
353,  5.8036319E-01,1932,  3.7876451E-02,  1.9461873E-01,  9.9344971E-02
354,  4.7548240E-01,1951,  3.7785026E-02,  1.9438371E-01,  9.9324018E-02
355,  5.7621595E-01,1970,  3.7680576E-02,  1.9411485E-01,  9.1489111E-02
356,  4.8539806E-01,1989,  3.7586311E-02,  1.9387189E-01,  8.0541428E-02
357,  5.0167761E-01,2008,  3.7487419E-02,  1.9361668E-01,  4.9704097E-02
358,  5.1366759E-01,2028,  3.7386258E-02,  1.9335526E-01,  2.6992247E-02
359,  6.4795222E-01,2048,  3.7309163E-02,  1.9315580E-01,  2.2737455E-01
360,  5.9363681E-01,2068,  3.7210910E-02,  1.9290130E-01,  1.2448834E-01
361,  4.3251540E-01,2088,  3.7145751E-02,  1.9273233E-01,  1.8071367E-01
362,  6.0571816E-01,2108,  3.7051891E-02,  1.9248868E-01,  1.4737328E-01
363,  4.3237461E-01,2129,  3.6987512E-02,  1.9232138E-01,  1.8098036E-01
364,  5.5650819E-01,2150,  3.6886045E-02,  1.9205740E-01,  5.4157958E-02
365,  6.7096784E-01,2171,  3.6825496E-02,  1.9189970E-01,  2.7097158E-01
366,  5.8354701E-01,2192,  3.6728031E-02,  1.9164559E-01,  1.0537588E-01
367,  4.8468147E-01,2213,  3.6639418E-02,  1.9141426E-01,  8.1898815E-02
368,  5.5930449E-01,2235,  3.6540117E-02,  1.9115469E-01,  5.9454816E-02
369,  4.6156851E-01,2257,  3.6461981E-02,  1.9095020E-01,  1.2568022E-01
370,  5.0537075E-01,2279,  3.6368623E-02,  1.9070559E-01,  4.2708418E-02
371,  4.3218797E-01,2301,  3.6307353E-02,  1.9054488E-01,  1.8133390E-01
372,  5.6052408E-01,2324,  3.6210120E-02,  1.9028957E-01,  6.1765010E-02
373,  5.8475220E-01,2347,  3.6116490E-02,  1.9004339E-01,  1.0765878E-01
374,  5.0303787E-01,2370,  3.6025540E-02,  1.8980395E-01,  4.7127458E-02
375,  6.2481969E-01,2393,  3.5944836E-02,  1.8959123E-01,  1.8355607E-01
376,  4.8159593E-01,2416,  3.5861295E-02,  1.8937079E-01,  8.7743545E-02
377,  5.8595701E-01,2440,  3.5769817E-02,  1.8912910E-01,  1.0994099E-01
378,  5.7294537E-01,2464,  3.5676709E-02,  1.8888279E-01,  8.5293859E-02
379,  5.0204418E-01,2488,  3.5588377E-02,  1.8864882E-01,  4.9009727E-02
380,  6.3331434E-01,2512,  3.5513437E-02,  1.8845009E-01,  1.9964694E-01
381,  5.1549406E-01,2537,  3.5423182E-02,  1.8821047E-01,  2.3532489E-02
382,  5.0861682E-01,2562,  3.5334711E-02,  1.8797529E-01,  3.6559608E-02
383,  4.3355366E-01,2587,  3.5277104E-02,  1.8782200E-01,  1.7874695E-01
384,  4.3023943E-01,2612,  3.5221625E-02,  1.8767425E-01,  1.8502490E-01
385,  5.4152349E-01,2638,  3.5130259E-02,  1.8743068E-01,  2.5773406E-02
386,  4.0676200E-01,2664,  3.5090996E-02,  1.8732591E-01,  2.2949670E-01
387,  5.6462181E-01,2690,  3.5001042E-02,  1.8708565E-01,  6.9527073E-02
388,  4.8521902E-01,2716,  3.4920950E-02,  1.8687148E-01,  8.0880554E-02
389,  5.5333752E-01,2743,  3.4831258E-02,  1.8663134E-01,  4.8151962E-02
390,  5.2832488E-01,2770,  3.4742918E-02,  1.8639452E-01,  7.7211853E-04
391,  3.9799286E-01,2797,  3.4711278E-02,  1.8630963E-01,  2.4610751E-01
392,  5.4447878E-01,2824,  3.4622750E-02,  1.8607189E-01,  3.1371414E-02
393,  5.4699747E-01,2852,  3.4534652E-02,  1.8583501E-01,  3.6142412E-02
394,  6.4014006E-01,2880,  3.4468790E-02,  1.8565772E-01,  2.1257648E-01
395,  6.1629696E-01,2908,  3.4393445E-02,  1.8545470E-01,  1.6741201E-01
396,  5.2199224E-01,2937,  3.4308267E-02,  1.8522491E-01,  1.1223399E-02
397,  4.7588886E-01,2966,  3.4234808E-02,  1.8502651E-01,  9.8554086E-02
398,  4.8364503E-01,2995,  3.4159020E-02,  1.8482159E-01,  8.3862066E-02
399,  4.7414390E-01,3024,  3.4086812E-02,  1.8462614E-01,  1.0185946E-01
400,  5.2756430E-01,3054,  3.4002555E-02,  1.8439782E-01,  6.6860400E-04
401,  4.7074764E-01,3084,  3.3932276E-02,  1.8420715E-01,  1.0829277E-01
402,  4.9173108E-01,3114,  3.3855432E-02,  1.8399846E-01,  6.8545183E-02
403,  5.4556772E-01,3145,  3.3771427E-02,  1.8377004E-01,  3.3434123E-02
404,  5.9402245E-01,3176,  3.3693339E-02,  1.8355746E-01,  1.2521883E-01
405,  4.4418880E-01,3207,  3.3636141E-02,  1.8340158E-01,  1.5860149E-01
406,  5.4833798E-01,3239,  3.3553300E-02,  1.8317560E-01,  3.8681663E-02
407,  4.9856712E-01,3271,  3.3476531E-02,  1.8296593E-01,  5.5596112E-02
408,  5.2152986E-01,3303,  3.3396012E-02,  1.8274576E-01,  1.2099251E-02
409,  5.5211211E-01,3336,  3.3314436E-02,  1.8252243E-01,  4.5830756E-02
410,  4.8106142E-01,3369,  3.3243602E-02,  1.8232828E-01,  8.8756042E-02
411,  5.6472961E-01,3402,  3.3163538E-02,  1.8210859E-01,  6.9731280E-02
412,  5.0050616E-01,3436,  3.3088142E-02,  1.8190146E-01,  5.1923119E-02
413,  5.7839600E-01,3470,  3.3010516E-02,  1.8168796E-01,  9.5618650E-02
414,  5.5015165E-01,3504,  3.2930816E-02,  1.8146850E-01,  4.2117180E-02
415,  5.5142408E-01,3539,  3.2851526E-02,  1.8124990E-01,  4.4527457E-02
416,  5.1651490E-01,3574,  3.2774694E-02,  1.8103783E-01,  2.1598769E-02
417,  5.0752644E-01,3609,  3.2699696E-02,  1.8083057E-01,  3.8625047E-02
418,  5.2661051E-01,3645,  3.2622384E-02,  1.8061668E-01,  2.4753076E-03
419,  5.2043093E-01,3681,  3.2546104E-02,  1.8040539E-01,  1.4180882E-02
420,  4.7439664E-01,3717,  3.2480827E-02,  1.8022438E-01,  1.0138071E-01
421,  5.5512082E-01,3754,  3.2403875E-02,  1.8001076E-01,  5.1529951E-02
422,  5.3748245E-01,3791,  3.2327259E-02,  1.7979783E-01,  1.8118709E-02
423,  4.8641097E-01,3828,  3.2259192E-02,  1.7960844E-01,  7.8622720E-02
424,  6.4075657E-01,3866,  3.2204326E-02,  1.7945564E-01,  2.1374430E-01
425,  5.3701232E-01,3904,  3.2128742E-02,  1.7924492E-01,  1.7228185E-02
426,  5.9054034E-01,3943,  3.2057968E-02,  1.7904739E-01,  1.1862289E-01
427,  5.6013009E-01,3982,  3.1983351E-02,  1.7883890E-01,  6.1018698E-02
428,  5.0363066E-01,4021,  3.1912835E-02,  1.7864164E-01,  4.6004574E-02
429,  5.2694045E-01,4061,  3.1839294E-02,  1.7843569E-01,  1.8503199E-03
430,  5.1997648E-01,4101,  3.1766820E-02,  1.7823249E-01,  1.5041721E-02
431,  4.6254155E-01,4142,  3.1709212E-02,  1.7807081E-01,  1.2383705E-01
432,  5.4269677E-01,4183,  3.1635832E-02,  1.7786465E-01,  2.7995877E-02
433,  5.0084538E-01,4224,  3.1567412E-02,  1.7767220E-01,  5.1280538E-02
434,  5.3617080E-01,4266,  3.1494882E-02,  1.7746797E-01,  1.5634134E-02
435,  4.1703068E-01,4308,  3.1460396E-02,  1.7737079E-01,  2.1004539E-01
436,  4.9924947E-01,4351,  3.1393094E-02,  1.7718096E-01,  5.4303583E-02
437,  4.5462374E-01,4394,  3.1339989E-02,  1.7703104E-01,  1.3883525E-01
438,  4.1334516E-01,4437,  3.1307918E-02,  1.7694044E-01,  2.1702664E-01
439,  5.4066065E-01,4481,  3.1236638E-02,  1.7673890E-01,  2.4138981E-02
440,  5.4436006E-01,4525,  3.1165646E-02,  1.7653795E-01,  3.1146544E-02
441,  5.9703555E-01,4570,  3.1101176E-02,  1.7635525E-01,  1.3092636E-01
442,  5.5794026E-01,4615,  3.1031201E-02,  1.7615675E-01,  5.6870636E-02
443,  5.1580541E-01,4661,  3.0963051E-02,  1.7596321E-01,  2.2942707E-02
444,  5.0685895E-01,4707,  3.0896544E-02,  1.7577413E-01,  3.9889417E-02
445,  5.5534439E-01,4754,  3.0827368E-02,  1.7557724E-01,  5.1953446E-02
446,  5.6454699E-01,4801,  3.0759129E-02,  1.7538281E-01,  6.9385357E-02
447,  5.4833509E-01,4849,  3.0690345E-02,  1.7518660E-01,  3.8676176E-02
448,  5.1103269E-01,4897,  3.0624374E-02,  1.7499821E-01,  3.1983373E-02
449,  5.6536377E-01,4945,  3.0557118E-02,  1.7480594E-01,  7.0932526E-02
450,  4.7960044E-01,4994,  3.0498619E-02,  1.7463854E-01,  9.1523477E-02
451,  4.8721944E-01,5043,  3.0438276E-02,  1.7446569E-01,  7.7091294E-02
452,  4.9293778E-01,5093,  3.0376794E-02,  1.7428940E-01,  6.6259402E-02
453,  4.2688533E-01,5143,  3.0340127E-02,  1.7418418E-01,  1.9137835E-01
454,  4.5680813E-01,5194,  3.0290040E-02,  1.7404034E-01,  1.3469750E-01
455,  5.2328598E-01,5245,  3.0224400E-02,  1.7385166E-01,  8.7727462E-03
456,  5.4575313E-01,5297,  3.0158126E-02,  1.7366095E-01,  3.3785338E-02
457,  5.0492988E-01,5349,  3.0095443E-02,  1.7348038E-01,  4.3543533E-02
458,  5.3319521E-01,5402,  3.0029976E-02,  1.7329159E-01,  9.9976670E-03
459,  4.4265705E-01,5456,  2.9986765E-02,  1.7316687E-01,  1.6150299E-01
460,  5.4512573E-01,5510,  2.9921582E-02,  1.7297856E-01,  3.2596892E-02
461,  4.7937988E-01,5565,  2.9865583E-02,  1.7281662E-01,  9.1941269E-02
462,  5.0910214E-01,5620,  2.9803478E-02,  1.7263684E-01,  3.5640295E-02
463,  5.4621163E-01,5676,  2.9739126E-02,  1.7245036E-01,  3.4653839E-02
464,  5.8728537E-01,5732,  2.9679190E-02,  1.7227649E-01,  1.1245721E-01
465,  5.9501913E-01,5789,  2.9621078E-02,  1.7210775E-01,  1.2710678E-01
466,  6.0488315E-01,5846,  2.9565575E-02,  1.7194643E-01,  1.4579156E-01
467,  5.8596434E-01,5904,  2.9506089E-02,  1.7177337E-01,  1.0995488E-01
468,  5.1724502E-01,5963,  2.9444540E-02,  1.7159411E-01,  2.0215755E-02
469,  5.5301420E-01,6022,  2.9381943E-02,  1.7141162E-01,  4.7539513E-02
470,  5.3360803E-01,6082,  2.9319645E-02,  1.7122980E-01,  1.0779653E-02
471,  4.7211144E-01,6142,  2.9268250E-02,  1.7107966E-01,  1.0570941E-01
472,  5.2109559E-01,6203,  2.9207306E-02,  1.7090145E-01,  1.2921860E-02
473,  4.4318988E-01,6265,  2.9166782E-02,  1.7078285E-01,  1.6049367E-01
474,  5.1880458E-01,6327,  2.9106509E-02,  1.7060630E-01,  1.7261583E-02
475,  5.2466849E-01,6390,  2.9045956E-02,  1.7042874E-01,  6.1539428E-03
476,  4.7008620E-01,6453,  2.8996138E-02,  1.7028252E-01,  1.0954571E-01
477,  5.3220378E-01,6517,  2.8935595E-02,  1.7010466E-01,  8.1196667E-03
478,  4.6926495E-01,6582,  2.8886415E-02,  1.6996004E-01,  1.1110133E-01
479,  5.2219770E-01,6647,  2.8826998E-02,  1.6978515E-01,  1.0834214E-02
480,  5.4237422E-01,6713,  2.8766942E-02,  1.6960820E-01,  2.7384892E-02
481,  5.3660549E-01,6780,  2.8707216E-02,  1.6943204E-01,  1.6457542E-02
482,  5.3601164E-01,6847,  2.8647753E-02,  1.6925647E-01,  1.5332652E-02
483,  5.5335118E-01,6915,  2.8588671E-02,  1.6908185E-01,  4.8177842E-02
484,  5.0751117E-01,6984,  2.8532172E-02,  1.6891469E-01,  3.8653962E-02
485,  5.0870161E-01,7053,  2.8475727E-02,  1.6874752E-01,  3.6398996E-02
486,  5.5031786E-01,7123,  2.8417255E-02,  1.6857418E-01,  4.2432011E-02
487,  5.0077054E-01,7194,  2.8362502E-02,  1.6841171E-01,  5.1422304E-02
488,  5.4250038E-01,7265,  2.8304383E-02,  1.6823906E-01,  2.7623865E-02
489,  5.2591412E-01,7337,  2.8247068E-02,  1.6806864E-01,  3.7944258E-03
490,  5.0280387E-01,7410,  2.8192640E-02,  1.6790664E-01,  4.7570706E-02
491,  5.5754744E-01,7484,  2.8135683E-02,  1.6773695E-01,  5.6126551E-02
492,  5.7284598E-01,7558,  2.8080363E-02,  1.6757196E-01,  8.5105597E-02
493,  5.3066039E-01,7633,  2.8023692E-02,  1.6740278E-01,  5.1961215E-03
494,  5.3560078E-01,7709,  2.7967062E-02,  1.6723355E-01,  1.4554393E-02
495,  4.5907281E-01,7786,  2.7924606E-02,  1.6710657E-01,  1.3040766E-01
496,  5.4361681E-01,7863,  2.7868310E-02,  1.6693804E-01,  2.9738647E-02
497,  5.8076711E-01,7941,  2.7815198E-02,  1.6677889E-01,  1.0011009E-01
498,  4.4066062E-01,8020,  2.7780106E-02,  1.6667365E-01,  1.6528470E-01
499,  6.0620412E-01,8100,  2.7732617E-02,  1.6653113E-01,  1.4829380E-01
500,  5.4592101E-01,8181,  2.7677177E-02,  1.6636459E-01,  3.4103347E-02
501,  4.6468298E-01,8262,  2.7633957E-02,  1.6623464E-01,  1.1978068E-01
502,  5.4745524E-01,8344,  2.7578964E-02,  1.6606915E-01,  3.7009534E-02
503,  5.1467756E-01,8427,  2.7525641E-02,  1.6590853E-01,  2.5079139E-02
504,  5.7316859E-01,8511,  2.7472929E-02,  1.6574960E-01,  8.5716703E-02
505,  5.3583253E-01,8596,  2.7418608E-02,  1.6558565E-01,  1.4993379E-02
506,  6.4034329E-01,8681,  2.7383409E-02,  1.6547933E-01,  2.1296144E-01
507,  5.0920492E-01,8767,  2.7331570E-02,  1.6532262E-01,  3.5445596E-02
508,  5.1480757E-01,8854,  2.7279259E-02,  1.6516434E-01,  2.4832859E-02
509,  5.3157166E-01,8942,  2.7225891E-02,  1.6500270E-01,  6.9222883E-03
510,  5.3429417E-01,9031,  2.7172631E-02,  1.6484123E-01,  1.2079365E-02
511,  5.1503993E-01,9121,  2.7120903E-02,  1.6468425E-01,  2.4392710E-02
512,  4.8573885E-01,9212,  2.7074149E-02,  1.6454224E-01,  7.9895891E-02
513,  5.2711193E-01,9304,  2.7021810E-02,  1.6438312E-01,  1.5255041E-03
514,  5.0706239E-01,9397,  2.6971618E-02,  1.6423038E-01,  3.9504069E-02
515,  5.0615488E-01,9490,  2.6921736E-02,  1.6407845E-01,  4.1223100E-02
516,  5.6290036E-01,9584,  2.6870413E-02,  1.6392197E-01,  6.6266235E-02
517,  5.0098880E-01,9679,  2.6821682E-02,  1.6377326E-01,  5.1008881E-02
518,  6.1335081E-01,9775,  2.6779741E-02,  1.6364517E-01,  1.6183131E-01
519,  4.7393462E-01,9872,  2.6737060E-02,  1.6351471E-01,  1.0225588E-01
520,  5.0480884E-01,9970,  2.6688283E-02,  1.6336549E-01,  4.3772826E-02
521,  5.3239139E-01,10069,  2.6637228E-02,  1.6320916E-01,  8.4750391E-03
522,  4.9544788E-01,10169,  2.6590309E-02,  1.6306535E-01,  6.1504689E-02
523,  5.5795109E-01,10270,  2.6539970E-02,  1.6291093E-01,  5.6891159E-02
524,  5.5065443E-01,10372,  2.6489472E-02,  1.6275587E-01,  4.3069561E-02
525,  5.1887975E-01,10475,  2.6440012E-02,  1.6260385E-01,  1.7119182E-02
526,  5.2740383E-01,10579,  2.6390135E-02,  1.6245041E-01,  9.7256167E-04
527,  5.5600123E-01,10684,  2.6340446E-02,  1.6229740E-01,  5.3197667E-02
528,  5.4394294E-01,10790,  2.6290568E-02,  1.6214367E-01,  3.0356415E-02
529,  5.5060932E-01,10897,  2.6241018E-02,  1.6199080E-01,  4.2984111E-02
530,  5.4379617E-01,11005,  2.6191515E-02,  1.6183793E-01,  3.0078398E-02
531,  4.8963338E-01,11115,  2.6147296E-02,  1.6170126E-01,  7.2518724E-02
532,  5.6617655E-01,11226,  2.6099275E-02,  1.6155270E-01,  7.2472112E-02
533,  5.5209190E-01,11338,  2.6050511E-02,  1.6140171E-01,  4.5792474E-02
534,  5.1313169E-01,11451,  2.6003254E-02,  1.6125525E-01,  2.8007365E-02
535,  5.6176791E-01,11565,  2.5955404E-02,  1.6110681E-01,  6.4121123E-02
536,  4.8074512E-01,11680,  2.5913900E-02,  1.6097795E-01,  8.9355178E-02
537,  5.2001899E-01,11796,  2.5866508E-02,  1.6083068E-01,  1.4961197E-02
538,  5.0312274E-01,11913,  2.5821168E-02,  1.6068966E-01,  4.6966694E-02
539,  5.4081302E-01,12032,  2.5773263E-02,  1.6054053E-01,  2.4427608E-02
540,  4.8777336E-01,12152,  2.5730866E-02,  1.6040843E-01,  7.6042036E-02
541,  5.5406903E-01,12273,  2.5683601E-02,  1.6026104E-01,  4.9537622E-02
542,  5.2380143E-01,12395,  2.5636785E-02,  1.6011491E-01,  7.7963612E-03
543,  5.0807232E-01,12518,  2.5591610E-02,  1.5997378E-01,  3.7591007E-02
544,  5.4023348E-01,12643,  2.5544568E-02,  1.5982668E-01,  2.3329820E-02
545,  4.7981312E-01,12769,  2.5504623E-02,  1.5970167E-01,  9.1120609E-02
546,  5.3031936E-01,12896,  2.5458127E-02,  1.5955603E-01,  4.5501390E-03
547,  4.9513430E-01,13024,  2.5415453E-02,  1.5942225E-01,  6.2098674E-02
548,  5.2496998E-01,13154,  2.5369548E-02,  1.5927821E-01,  5.5828529E-03
549,  5.4617819E-01,13285,  2.5323385E-02,  1.5913323E-01,  3.4590505E-02
550,  4.9614969E-01,13417,  2.5281004E-02,  1.5900001E-01,  6.0175298E-02
551,  5.2660076E-01,13551,  2.5235497E-02,  1.5885684E-01,  2.4937637E-03
552,  5.5866923E-01,13686,  2.5190348E-02,  1.5871467E-01,  5.8251482E-02
553,  5.3822500E-01,13822,  2.5144809E-02,  1.5857115E-01,  1.9525292E-02
554,  5.4185574E-01,13960,  2.5099423E-02,  1.5842797E-01,  2.6402766E-02
555,  5.3587693E-01,14099,  2.5054246E-02,  1.5828533E-01,  1.5077488E-02
556,  5.0928010E-01,14239,  2.5010988E-02,  1.5814863E-01,  3.5303192E-02
557,  5.2179836E-01,14381,  2.4966741E-02,  1.5800867E-01,  1.1590659E-02
558,  5.2083072E-01,14524,  2.4922717E-02,  1.5786930E-01,  1.3423599E-02
559,  5.2672645E-01,14669,  2.4878489E-02,  1.5772916E-01,  2.2556773E-03
560,  5.3833540E-01,14815,  2.4834074E-02,  1.5758831E-01,  1.9734410E-02
561,  5.3851047E-01,14963,  2.4789816E-02,  1.5744782E-01,  2.0066034E-02
562,  5.5812944E-01,15112,  2.4746238E-02,  1.5730937E-01,  5.7228987E-02
563,  5.4108459E-01,15263,  2.4702284E-02,  1.5716960E-01,  2.4942029E-02
564,  5.1651245E-01,15415,  2.4659534E-02,  1.5703354E-01,  2.1603423E-02
565,  4.7744068E-01,15569,  2.4622983E-02,  1.5691712E-01,  9.5614574E-02
566,  5.1015905E-01,15724,  2.4581124E-02,  1.5678368E-01,  3.3638255E-02
567,  5.1526404E-01,15881,  2.4538904E-02,  1.5664898E-01,  2.3968196E-02
568,  5.4544557E-01,16039,  2.4495743E-02,  1.5651116E-01,  3.3202752E-02
569,  5.3992823E-01,16199,  2.4452694E-02,  1.5637357E-01,  2.2751600E-02
570,  5.3878670E-01,16360,  2.4409800E-02,  1.5623636E-01,  2.0589279E-02
571,  5.2637330E-01,16523,  2.4367405E-02,  1.5610062E-01,  2.9246335E-03
572,  5.2878619E-01,16688,  2.4325047E-02,  1.5596489E-01,  1.6459445E-03
573,  5.2624531E-01,16854,  2.4282951E-02,  1.5582988E-01,  3.1670772E-03
574,  5.4374137E-01,17022,  2.4240665E-02,  1.5569414E-01,  2.9974589E-02
575,  5.5444812E-01,17192,  2.4198843E-02,  1.5555977E-01,  5.0255706E-02
576,  5.6323036E-01,17363,  2.4157722E-02,  1.5542755E-01,  6.6891349E-02
577,  5.0664588E-01,17536,  2.4117849E-02,  1.5529922E-01,  4.0293023E-02
578,  4.9174073E-01,17711,  2.4080235E-02,  1.5517807E-01,  6.8526910E-02
579,  5.7530835E-01,17888,  2.4040740E-02,  1.5505077E-01,  8.9769899E-02
580,  5.2095060E-01,18066,  2.3999949E-02,  1.5491917E-01,  1.3196503E-02
581,  5.5612714E-01,18246,  2.3959062E-02,  1.5478715E-01,  5.3436173E-02
582,  5.7135874E-01,18428,  2.3919528E-02,  1.5465939E-01,  8.2288408E-02
583,  5.2651528E-01,18612,  2.3878837E-02,  1.5452779E-01,  2.6556878E-03
584,  5.1895805E-01,18798,  2.3838745E-02,  1.5439801E-01,  1.6970874E-02
585,  5.4623067E-01,18985,  2.3798051E-02,  1.5426617E-01,  3.4689910E-02
586,  4.8718949E-01,19174,  2.3762283E-02,  1.5415020E-01,  7.7148025E-02
587,  5.0336724E-01,19365,  2.3724137E-02,  1.5402642E-01,  4.6503555E-02
588,  5.1637755E-01,19558,  2.3684766E-02,  1.5389856E-01,  2.1858954E-02
589,  5.2617162E-01,19753,  2.3644893E-02,  1.5376896E-01,  3.3066671E-03
590,  5.0534800E-01,19950,  2.3606883E-02,  1.5364532E-01,  4.2751528E-02
591,  5.5304661E-01,20149,  2.3567216E-02,  1.5351618E-01,  4.7600913E-02
592,  5.1854540E-01,20350,  2.3528202E-02,  1.5338905E-01,  1.7752524E-02
593,  5.0355235E-01,20553,  2.3490788E-02,  1.5326705E-01,  4.6152898E-02
594,  5.7779994E-01,20758,  2.3453623E-02,  1.5314576E-01,  9.4489567E-02
595,  5.1672708E-01,20965,  2.3415131E-02,  1.5302004E-01,  2.1196860E-02
596,  5.0609382E-01,21174,  2.3377790E-02,  1.5289797E-01,  4.1338753E-02
597,  5.5569311E-01,21385,  2.3339037E-02,  1.5277119E-01,  5.2614017E-02
598,  5.2055251E-01,21598,  2.3300649E-02,  1.5264550E-01,  1.3950579E-02
599,  5.3698158E-01,21813,  2.3261766E-02,  1.5251809E-01,  1.7169949E-02
600,  5.3342196E-01,22031,  2.3223071E-02,  1.5239118E-01,  1.0427184E-02
601,  4.9585146E-01,22251,  2.3187683E-02,  1.5227502E-01,  6.0740213E-02
602,  5.1715821E-01,22473,  2.3150032E-02,  1.5215135E-01,  2.0380190E-02
603,  5.2414168E-01,22697,  2.3112056E-02,  1.5202650E-01,  7.1518478E-03
604,  5.6720029E-01,22923,  2.3075018E-02,  1.5190463E-01,  7.4411333E-02
605,  5.3716816E-01,23152,  2.3036891E-02,  1.5177908E-01,  1.7523381E-02
606,  5.7081779E-01,23383,  2.3000440E-02,  1.5165896E-01,  8.1263722E-02
607,  4.9726161E-01,23616,  2.2965560E-02,  1.5154392E-01,  5.8069047E-02
608,  5.3441950E-01,23852,  2.2927838E-02,  1.5141941E-01,  1.2316772E-02
609,  5.3227872E-01,24090,  2.2890287E-02,  1.5129536E-01,  8.2616175E-03
610,  4.9749102E-01,24330,  2.2855714E-02,  1.5118106E-01,  5.7634498E-02
611,  5.7660660E-01,24573,  2.2820510E-02,  1.5106459E-01,  9.2229096E-02
612,  5.5855116E-01,24818,  2.2783786E-02,  1.5094299E-01,  5.8027838E-02
613,  5.0233663E-01,25066,  2.2748926E-02,  1.5082747E-01,  4.8455772E-02
614,  5.4827242E-01,25316,  2.2711989E-02,  1.5070497E-01,  3.8557464E-02
615,  5.2615484E-01,25569,  2.2675367E-02,  1.5058342E-01,  3.3384582E-03
616,  4.9716019E-01,25824,  2.2641518E-02,  1.5047099E-01,  5.8261170E-02
617,  5.3562316E-01,26082,  2.2604851E-02,  1.5034910E-01,  1.4596785E-02
618,  5.3017783E-01,26342,  2.2568424E-02,  1.5022791E-01,  4.2820477E-03
619,  5.3182633E-01,26605,  2.2532068E-02,  1.5010685E-01,  7.4046951E-03
620,  5.0801036E-01,26871,  2.2497354E-02,  1.4999118E-01,  3.7708373E-02
621,  5.4761714E-01,27139,  2.2461226E-02,  1.4987070E-01,  3.7316208E-02
622,  5.1194356E-01,27410,  2.2426357E-02,  1.4975432E-01,  3.0257969E-02
623,  5.1354477E-01,27684,  2.2391458E-02,  1.4963775E-01,  2.7224907E-02
624,  5.2657708E-01,27960,  2.2355849E-02,  1.4951872E-01,  2.5386216E-03
625,  5.3623847E-01,28239,  2.2320098E-02,  1.4939912E-01,  1.5762322E-02
626,  5.3120761E-01,28521,  2.2284557E-02,  1.4928013E-01,  6.2326841E-03
627,  5.4656328E-01,28806,  2.2249091E-02,  1.4916129E-01,  3.5319963E-02
628,  5.2970808E-01,29094,  2.2213820E-02,  1.4904301E-01,  3.3922215E-03
629,  5.3869508E-01,29384,  2.2178505E-02,  1.4892450E-01,  2.0415731E-02
630,  5.3009392E-01,29677,  2.2143446E-02,  1.4880674E-01,  4.1230989E-03
631,  5.1759275E-01,29973,  2.2109121E-02,  1.4869136E-01,  1.9557079E-02
632,  5.3903084E-01,30272,  2.2074138E-02,  1.4857368E-01,  2.1051728E-02
633,  5.4617794E-01,30574,  2.2039335E-02,  1.4845651E-01,  3.4590033E-02
634,  5.1599208E-01,30879,  2.2005450E-02,  1.4834234E-01,  2.2589121E-02
635,  5.2976384E-01,31187,  2.1970946E-02,  1.4822600E-01,  3.4978382E-03
636,  5.2943732E-01,31498,  2.1936561E-02,  1.4810996E-01,  2.8793384E-03
637,  5.2459661E-01,31812,  2.1902473E-02,  1.4799484E-01,  6.2901084E-03
638,  5.8071081E-01,32130,  2.1870800E-02,  1.4788780E-01,  1.0000345E-01
639,  5.3064557E-01,32451,  2.1836698E-02,  1.4777245E-01,  5.1680534E-03
640,  5.0752208E-01,32775,  2.1804179E-02,  1.4766238E-01,  3.8633304E-02
641,  5.5409177E-01,33102,  2.1770495E-02,  1.4754828E-01,  4.9580701E-02
642,  5.0589820E-01,33433,  2.1738343E-02,  1.4743928E-01,  4.1709310E-02
643,  5.2946921E-01,33767,  2.1704690E-02,  1.4732512E-01,  2.9397571E-03
644,  5.3503022E-01,34104,  2.1671018E-02,  1.4721079E-01,  1.3473616E-02
645,  5.2350030E-01,34445,  2.1637813E-02,  1.4709797E-01,  8.3667687E-03
646,  5.0481472E-01,34789,  2.1606170E-02,  1.4699037E-01,  4.3761670E-02
647,  5.5236002E-01,35136,  2.1573035E-02,  1.4687762E-01,  4.6300358E-02
648,  5.4002702E-01,35487,  2.1539744E-02,  1.4676425E-01,  2.2938728E-02
649,  5.2250977E-01,35841,  2.1506994E-02,  1.4665263E-01,  1.0243066E-02
650,  5.3835326E-01,36199,  2.1473908E-02,  1.4653978E-01,  1.9768240E-02
651,  5.5219368E-01,36560,  2.1441174E-02,  1.4642805E-01,  4.5985262E-02
652,  5.1684916E-01,36925,  2.1409067E-02,  1.4631837E-01,  2.0965598E-02
653,  5.3577676E-01,37294,  2.1376300E-02,  1.4620636E-01,  1.4887738E-02
654,  5.2146784E-01,37666,  2.1344103E-02,  1.4609621E-01,  1.2216742E-02
655,  5.5469997E-01,38042,  2.1311877E-02,  1.4598588E-01,  5.0732777E-02
656,  5.0780982E-01,38422,  2.1280903E-02,  1.4587975E-01,  3.8088246E-02
657,  5.3020531E-01,38806,  2.1248637E-02,  1.4576912E-01,  4.3340997E-03
658,  5.4513100E-01,39194,  2.1216396E-02,  1.4565849E-01,  3.2606887E-02
659,  5.2860410E-01,39585,  2.1184375E-02,  1.4554853E-01,  1.3010274E-03
660,  5.0688603E-01,39980,  2.1153864E-02,  1.4544368E-01,  3.9838121E-02
661,  5.1840082E-01,40379,  2.1122516E-02,  1.4533587E-01,  1.8026400E-02
662,  5.4572399E-01,40782,  2.1090673E-02,  1.4522628E-01,  3.3730148E-02
663,  5.4151057E-01,41189,  2.1058870E-02,  1.4511675E-01,  2.5748931E-02
664,  5.1903438E-01,41600,  2.1027767E-02,  1.4500954E-01,  1.6826281E-02
665,  5.4629191E-01,42016,  2.0996222E-02,  1.4490073E-01,  3.4805921E-02
666,  5.1908971E-01,42436,  2.0965302E-02,  1.4479400E-01,  1.6721467E-02
667,  5.4638885E-01,42860,  2.0933948E-02,  1.4468569E-01,  3.4989541E-02
668,  5.1868485E-01,43288,  2.0903237E-02,  1.4457952E-01,  1.7488369E-02
669,  5.2150936E-01,43720,  2.0872455E-02,  1.4447302E-01,  1.2138089E-02
670,  5.0915697E-01,44157,  2.0842639E-02,  1.4436980E-01,  3.5536424E-02
671,  5.1907315E-01,44598,  2.0812171E-02,  1.4426424E-01,  1.6752846E-02
672,  5.4142169E-01,45043,  2.0781209E-02,  1.4415689E-01,  2.5580560E-02
673,  5.4806525E-01,45493,  2.0750452E-02,  1.4405017E-01,  3.8165037E-02
674,  5.6045052E-01,45947,  2.0720343E-02,  1.4394563E-01,  6.1625661E-02
675,  5.2970213E-01,46406,  2.0689777E-02,  1.4383941E-01,  3.3809631E-03
676,  5.3487494E-01,46870,  2.0659196E-02,  1.4373307E-01,  1.3179483E-02
677,  5.2848666E-01,47338,  2.0628846E-02,  1.4362745E-01,  1.0785636E-03
678,  5.2714621E-01,47811,  2.0598628E-02,  1.4352222E-01,  1.4605706E-03
679,  5.4213011E-01,48289,  2.0568306E-02,  1.4341655E-01,  2.6922492E-02
680,  5.3525534E-01,48771,  2.0538079E-02,  1.4331113E-01,  1.3900051E-02
681,  5.3005754E-01,49258,  2.0508038E-02,  1.4320628E-01,  4.0541808E-03
682,  5.1334302E-01,49750,  2.0478933E-02,  1.4310462E-01,  2.7607071E-02
683,  5.1702258E-01,50247,  2.0449654E-02,  1.4300229E-01,  2.0637107E-02
684,  5.4835597E-01,50749,  2.0419886E-02,  1.4289817E-01,  3.8715729E-02
685,  5.3012912E-01,51256,  2.0390190E-02,  1.4279422E-01,  4.1897828E-03
686,  5.3865682E-01,51768,  2.0360466E-02,  1.4269011E-01,  2.0343254E-02
687,  5.3216056E-01,52285,  2.0330896E-02,  1.4258645E-01,  8.0378070E-03
688,  5.4081136E-01,52807,  2.0301351E-02,  1.4248281E-01,  2.4424460E-02
689,  5.1293492E-01,53335,  2.0272866E-02,  1.4238281E-01,  2.8380111E-02
690,  5.4976952E-01,53868,  2.0243656E-02,  1.4228020E-01,  4.1393328E-02
691,  5.2109130E-01,54406,  2.0214819E-02,  1.4217883E-01,  1.2929995E-02
692,  5.4885674E-01,54950,  2.0185750E-02,  1.4207656E-01,  3.9664316E-02
693,  5.1163098E-01,55499,  2.0157694E-02,  1.4197779E-01,  3.0850078E-02
694,  5.4523189E-01,56053,  2.0128707E-02,  1.4187567E-01,  3.2797987E-02
695,  5.2933319E-01,56613,  2.0099875E-02,  1.4177403E-01,  2.6820891E-03
696,  5.3926123E-01,57179,  2.0070996E-02,  1.4167214E-01,  2.1488153E-02
697,  5.3845477E-01,57750,  2.0042200E-02,  1.4157048E-01,  1.9960529E-02
698,  5.0999152E-01,58327,  2.0014679E-02,  1.4147324E-01,  3.3955599E-02
699,  5.1424603E-01,58910,  1.9986908E-02,  1.4137506E-01,  2.5896550E-02
700,  5.4690239E-01,59499,  1.9958450E-02,  1.4127438E-01,  3.5962311E-02
701,  5.2451968E-01,60093,  1.9930268E-02,  1.4117460E-01,  6.4358299E-03
702,  5.4397067E-01,60693,  1.9901916E-02,  1.4107415E-01,  3.0408944E-02
703,  5.3047791E-01,61299,  1.9873704E-02,  1.4097413E-01,  4.8504616E-03
704,  5.5015339E-01,61911,  1.9845658E-02,  1.4087462E-01,  4.2120475E-02
705,  5.2472174E-01,62530,  1.9817789E-02,  1.4077567E-01,  6.0530902E-03
706,  5.3068408E-01,63155,  1.9789811E-02,  1.4067626E-01,  5.2409938E-03
707,  5.2029944E-01,63786,  1.9762300E-02,  1.4057845E-01,  1.4429957E-02
708,  5.3257908E-01,64423,  1.9734441E-02,  1.4047933E-01,  8.8305830E-03
709,  5.5308315E-01,65067,  1.9706897E-02,  1.4038126E-01,  4.7670125E-02
710,  5.2717905E-01,65717,  1.9679329E-02,  1.4028303E-01,  1.3983632E-03
711,  5.4452514E-01,66374,  1.9651698E-02,  1.4018451E-01,  3.1459236E-02
712,  5.3574385E-01,67037,  1.9624110E-02,  1.4008608E-01,  1.4825407E-02
713,  5.3161215E-01,67707,  1.9596657E-02,  1.3998806E-01,  6.9989921E-03
714,  5.3628116E-01,68384,  1.9569220E-02,  1.3989003E-01,  1.5843192E-02
715,  5.1495351E-01,69067,  1.9542639E-02,  1.3979499E-01,  2.4556419E-02
716,  5.2641221E-01,69757,  1.9515554E-02,  1.3969808E-01,  2.8509275E-03
717,  5.2359976E-01,70454,  1.9488652E-02,  1.3960176E-01,  8.1783844E-03
718,  5.1605209E-01,71158,  1.9462219E-02,  1.3950706E-01,  2.2475441E-02
719,  5.6320228E-01,71869,  1.9435990E-02,  1.3941302E-01,  6.6838156E-02
720,  5.2740391E-01,72587,  1.9409171E-02,  1.3931680E-01,  9.7242401E-04
721,  5.2672594E-01,73312,  1.9382448E-02,  1.3922086E-01,  2.2566594E-03
722,  5.3234509E-01,74045,  1.9355657E-02,  1.3912461E-01,  8.3873529E-03
723,  5.3076908E-01,74785,  1.9328970E-02,  1.3902867E-01,  5.4020019E-03
724,  5.0944467E-01,75532,  1.9303445E-02,  1.3893684E-01,  3.4991459E-02
725,  5.0785098E-01,76287,  1.9278118E-02,  1.3884566E-01,  3.8010279E-02
726,  5.1620107E-01,77049,  1.9252249E-02,  1.3875247E-01,  2.2193246E-02
727,  5.2656188E-01,77819,  1.9225963E-02,  1.3865772E-01,  2.5674161E-03
728,  5.4606307E-01,78597,  1.9199632E-02,  1.3856274E-01,  3.4372438E-02
729,  5.1353108E-01,79382,  1.9174148E-02,  1.3847075E-01,  2.7250831E-02
730,  5.3017816E-01,80175,  1.9147975E-02,  1.3837621E-01,  4.2826711E-03
731,  5.2009744E-01,80976,  1.9122240E-02,  1.3828319E-01,  1.4812598E-02
732,  4.9626373E-01,81785,  1.9098540E-02,  1.3819747E-01,  5.9959275E-02
733,  5.3402639E-01,82602,  1.9072510E-02,  1.3810326E-01,  1.1572123E-02
734,  5.3748029E-01,83428,  1.9046527E-02,  1.3800915E-01,  1.8114626E-02
735,  5.4159516E-01,84262,  1.9020628E-02,  1.3791529E-01,  2.5909160E-02
736,  5.2807681E-01,85104,  1.8994927E-02,  1.3782209E-01,  3.0220765E-04
737,  5.2941849E-01,85955,  1.8969262E-02,  1.3772894E-01,  2.8436761E-03
738,  5.3136820E-01,86814,  1.8943623E-02,  1.3763584E-01,  6.5368836E-03
739,  5.3593732E-01,87682,  1.8917997E-02,  1.3754271E-01,  1.5191876E-02
740,  5.2271697E-01,88558,  1.8892760E-02,  1.3745094E-01,  9.8505812E-03
741,  5.2510277E-01,89443,  1.8867498E-02,  1.3735901E-01,  5.3313266E-03
742,  5.2124310E-01,90337,  1.8842460E-02,  1.3726784E-01,  1.2642450E-02
743,  5.0687238E-01,91240,  1.8818423E-02,  1.3718026E-01,  3.9863983E-02
744,  5.1556765E-01,92152,  1.8793817E-02,  1.3709054E-01,  2.3393087E-02
745,  5.3854969E-01,93073,  1.8768591E-02,  1.3699851E-01,  2.0140315E-02
746,  5.1849192E-01,94003,  1.8743951E-02,  1.3690855E-01,  1.7853832E-02
747,  5.1044941E-01,94943,  1.8719884E-02,  1.3682063E-01,  3.3088252E-02
748,  5.4361290E-01,95892,  1.8694898E-02,  1.3672929E-01,  2.9731246E-02
749,  5.2511058E-01,96850,  1.8670163E-02,  1.3663881E-01,  5.3165286E-03
750,  5.4544994E-01,97818,  1.8645342E-02,  1.3654795E-01,  3.3211023E-02
751,  5.2536457E-01,98796,  1.8620731E-02,  1.3645780E-01,  4.8354066E-03
752,  5.3337453E-01,99783,  1.8595998E-02,  1.3636715E-01,  1.0337344E-02
753,  5.3846039E-01,100780,  1.8571303E-02,  1.3627657E-01,  1.9971166E-02
754,  5.3220756E-01,101787,  1.8546718E-02,  1.3618634E-01,  8.1268352E-03
755,  5.2995999E-01,102804,  1.8522240E-02,  1.3609644E-01,  3.8693948E-03
756,  5.2924591E-01,103832,  1.8497843E-02,  1.3600677E-01,  2.5167598E-03
757,  5.2580465E-01,104870,  1.8473605E-02,  1.3591764E-01,  4.0017908E-03
758,  5.2689927E-01,105918,  1.8449397E-02,  1.3582856E-01,  1.9283277E-03
759,  5.3840227E-01,106977,  1.8425090E-02,  1.3573905E-01,  1.9861068E-02
760,  5.2590612E-01,108046,  1.8401039E-02,  1.3565043E-01,  3.8095861E-03
761,  5.3927906E-01,109126,  1.8376861E-02,  1.3556128E-01,  2.1521926E-02
762,  5.2870905E-01,110217,  1.8352858E-02,  1.3547272E-01,  1.4998173E-03
763,  5.4370555E-01,111319,  1.8328847E-02,  1.3538407E-01,  2.9906734E-02
764,  5.3550895E-01,112432,  1.8304865E-02,  1.3529547E-01,  1.4380434E-02
765,  5.3763542E-01,113556,  1.8280937E-02,  1.3520701E-01,  1.8408470E-02
766,  5.4123920E-01,114691,  1.8257085E-02,  1.3511878E-01,  2.5234884E-02
767,  5.3263444E-01,115837,  1.8233319E-02,  1.3503081E-01,  8.9354487E-03
768,  5.2419625E-01,116995,  1.8209826E-02,  1.3494379E-01,  7.0484811E-03
769,  5.2015901E-01,118164,  1.8186559E-02,  1.3485755E-01,  1.4695970E-02
770,  5.2825411E-01,119345,  1.8163062E-02,  1.3477040E-01,  6.3807091E-04
771,  5.2775196E-01,120538,  1.8139639E-02,  1.3468348E-01,  3.1311951E-04
772,  5.2775718E-01,121743,  1.8116276E-02,  1.3459672E-01,  3.0324219E-04
773,  5.1040849E-01,122960,  1.8093817E-02,  1.3451326E-01,  3.3165767E-02
774,  5.2715657E-01,124189,  1.8070589E-02,  1.3442689E-01,  1.4409440E-03
775,  5.3933014E-01,125430,  1.8047275E-02,  1.3434015E-01,  2.1618680E-02
776,  5.4158414E-01,126684,  1.8024036E-02,  1.3425362E-01,  2.5888279E-02
777,  5.3788121E-01,127950,  1.8000839E-02,  1.3416720E-01,  1.8874067E-02
778,  5.3392516E-01,129229,  1.7977721E-02,  1.3408103E-01,  1.1380375E-02
779,  5.1350638E-01,130521,  1.7955405E-02,  1.3399778E-01,  2.7297617E-02
780,  5.2308263E-01,131826,  1.7932664E-02,  1.3391290E-01,  9.1579365E-03
781,  5.3799546E-01,133144,  1.7909703E-02,  1.3382714E-01,  1.9090487E-02
782,  5.2904132E-01,134475,  1.7886899E-02,  1.3374191E-01,  2.1292262E-03
783,  5.2929325E-01,135819,  1.7864147E-02,  1.3365683E-01,  2.6064315E-03
784,  5.1983467E-01,137177,  1.7841773E-02,  1.3357310E-01,  1.5310351E-02
785,  5.3244949E-01,138548,  1.7819080E-02,  1.3348813E-01,  8.5850977E-03
786,  5.2703431E-01,139933,  1.7796556E-02,  1.3340373E-01,  1.6725345E-03
787,  5.2953098E-01,141332,  1.7774029E-02,  1.3331927E-01,  3.0567623E-03
788,  5.2433809E-01,142745,  1.7751701E-02,  1.3323551E-01,  6.7797980E-03
789,  5.3889582E-01,144172,  1.7729204E-02,  1.3315106E-01,  2.0795966E-02
790,  5.2756536E-01,145613,  1.7706892E-02,  1.3306725E-01,  6.6659701E-04
791,  5.3197412E-01,147069,  1.7684548E-02,  1.3298326E-01,  7.6846315E-03
792,  5.1759968E-01,148539,  1.7662730E-02,  1.3290120E-01,  1.9543949E-02
793,  5.1879667E-01,150024,  1.7640906E-02,  1.3281907E-01,  1.7276571E-02
794,  5.2194670E-01,151524,  1.7618998E-02,  1.3273658E-01,  1.1309671E-02
795,  5.3056004E-01,153039,  1.7596899E-02,  1.3265330E-01,  5.0060385E-03
796,  5.2745913E-01,154569,  1.7574922E-02,  1.3257044E-01,  8.6781349E-04
797,  5.2121078E-01,156114,  1.7553209E-02,  1.3248852E-01,  1.2703677E-02
798,  5.3272259E-01,157675,  1.7531242E-02,  1.3240560E-01,  9.1024096E-03
799,  5.3811058E-01,159251,  1.7509301E-02,  1.3232271E-01,  1.9308554E-02
800,  5.2768280E-01,160843,  1.7487537E-02,  1.3224045E-01,  4.4413766E-04
801,  5.2650191E-01,162451,  1.7465858E-02,  1.3215846E-01,  2.6810132E-03
802,  5.3288337E-01,164075,  1.7444107E-02,  1.3207614E-01,  9.4069707E-03
803,  5.2620791E-01,165715,  1.7422544E-02,  1.3199448E-01,  3.2379328E-03
804,  5.2673128E-01,167372,  1.7401019E-02,  1.3191292E-01,  2.2465454E-03
805,  5.3253834E-01,169045,  1.7379434E-02,  1.3183108E-01,  8.7534130E-03
806,  5.2945937E-01,170735,  1.7357952E-02,  1.3174958E-01,  2.9211144E-03
807,  5.3901731E-01,172442,  1.7336446E-02,  1.3166794E-01,  2.1026100E-02
808,  5.1689218E-01,174166,  1.7315516E-02,  1.3158843E-01,  2.0884113E-02
809,  5.1942138E-01,175907,  1.7294515E-02,  1.3150861E-01,  1.6093212E-02
810,  5.2025468E-01,177666,  1.7273530E-02,  1.3142880E-01,  1.4514749E-02
811,  5.3498436E-01,179442,  1.7252238E-02,  1.3134778E-01,  1.3386752E-02
812,  5.2415295E-01,181236,  1.7231209E-02,  1.3126770E-01,  7.1305074E-03
813,  5.3022277E-01,183048,  1.7210078E-02,  1.3118719E-01,  4.3671780E-03
814,  5.2423088E-01,184878,  1.7189149E-02,  1.3110740E-01,  6.9828942E-03
815,  5.3497284E-01,186726,  1.7168065E-02,  1.3102696E-01,  1.3364917E-02
816,  5.2849578E-01,188593,  1.7147123E-02,  1.3094702E-01,  1.0958379E-03
817,  5.2204625E-01,190478,  1.7126423E-02,  1.3086796E-01,  1.1121099E-02
818,  5.3091235E-01,192382,  1.7105537E-02,  1.3078814E-01,  5.6733928E-03
819,  5.3579639E-01,194305,  1.7084654E-02,  1.3070828E-01,  1.4924914E-02
820,  5.2503675E-01,196248,  1.7064005E-02,  1.3062926E-01,  5.4563849E-03
821,  5.2762429E-01,198210,  1.7043335E-02,  1.3055013E-01,  5.5496771E-04
822,  5.2496992E-01,200192,  1.7022787E-02,  1.3047140E-01,  5.5829651E-03
823,  5.2963853E-01,202193,  1.7002175E-02,  1.3039239E-01,  3.2604740E-03
824,  5.2079753E-01,204214,  1.6981872E-02,  1.3031451E-01,  1.3486459E-02
825,  5.3078451E-01,206256,  1.6961339E-02,  1.3023571E-01,  5.4312285E-03
826,  5.2560117E-01,208318,  1.6940970E-02,  1.3015748E-01,  4.3872398E-03
827,  5.2544252E-01,210401,  1.6920654E-02,  1.3007941E-01,  4.6877532E-03
828,  5.2561710E-01,212505,  1.6900382E-02,  1.3000147E-01,  4.3570607E-03
829,  5.2363967E-01,214630,  1.6880218E-02,  1.2992389E-01,  8.1027738E-03
830,  5.3708988E-01,216776,  1.6859881E-02,  1.2984560E-01,  1.7375096E-02
831,  5.4074135E-01,218943,  1.6839607E-02,  1.2976751E-01,  2.4291846E-02
832,  5.3130631E-01,221132,  1.6819409E-02,  1.2968966E-01,  6.4196530E-03
833,  5.2683046E-01,223343,  1.6799347E-02,  1.2961230E-01,  2.0586699E-03
834,  5.4145954E-01,225576,  1.6779226E-02,  1.2953465E-01,  2.5652268E-02
835,  5.4291182E-01,227831,  1.6759170E-02,  1.2945721E-01,  2.8403224E-02
836,  5.2858426E-01,230109,  1.6739212E-02,  1.2938011E-01,  1.2634352E-03
837,  5.3562889E-01,232410,  1.6719216E-02,  1.2930281E-01,  1.4607645E-02
838,  5.2695959E-01,234734,  1.6699390E-02,  1.2922612E-01,  1.8140727E-03
839,  5.3238393E-01,237081,  1.6679513E-02,  1.2914919E-01,  8.4609198E-03
840,  5.2564795E-01,239451,  1.6659815E-02,  1.2907291E-01,  4.2986287E-03
841,  5.3070097E-01,241845,  1.6640056E-02,  1.2899634E-01,  5.2729921E-03
842,  5.1931234E-01,244263,  1.6620671E-02,  1.2892118E-01,  1.6299765E-02
843,  5.2431156E-01,246705,  1.6601151E-02,  1.2884545E-01,  6.8300616E-03
844,  5.2811623E-01,249172,  1.6581577E-02,  1.2876947E-01,  3.7688256E-04
845,  5.2462030E-01,251663,  1.6562139E-02,  1.2869397E-01,  6.2452317E-03
846,  5.3514837E-01,254179,  1.6542566E-02,  1.2861791E-01,  1.3697411E-02
847,  5.3392682E-01,256720,  1.6523048E-02,  1.2854201E-01,  1.1383517E-02
848,  5.2960781E-01,259287,  1.6503629E-02,  1.2846645E-01,  3.2022809E-03
849,  5.4207116E-01,261879,  1.6484219E-02,  1.2839088E-01,  2.6810810E-02
850,  5.3006371E-01,264497,  1.6464884E-02,  1.2831556E-01,  4.0658692E-03
851,  5.2682672E-01,267141,  1.6445660E-02,  1.2824063E-01,  2.0657521E-03
852,  5.2847799E-01,269812,  1.6426445E-02,  1.2816569E-01,  1.0621394E-03
853,  5.3348215E-01,272510,  1.6407202E-02,  1.2809060E-01,  1.0541205E-02
854,  5.2768055E-01,275235,  1.6388093E-02,  1.2801599E-01,  4.4840483E-04
855,  5.2887881E-01,277987,  1.6369004E-02,  1.2794141E-01,  1.8213856E-03
856,  5.3727953E-01,280766,  1.6349881E-02,  1.2786665E-01,  1.7734345E-02
857,  5.3152052E-01,283573,  1.6330839E-02,  1.2779217E-01,  6.8254172E-03
858,  5.3469700E-01,286408,  1.6311812E-02,  1.2771770E-01,  1.2842418E-02
859,  5.3652972E-01,289272,  1.6292823E-02,  1.2764334E-01,  1.6314015E-02
860,  5.2960893E-01,292164,  1.6273941E-02,  1.2756936E-01,  3.2044031E-03
861,  5.2765768E-01,295085,  1.6255142E-02,  1.2749566E-01,  4.9171612E-04
862,  5.2818894E-01,298035,  1.6236375E-02,  1.2742203E-01,  5.1461948E-04
863,  5.2365670E-01,301015,  1.6217767E-02,  1.2734900E-01,  8.0705181E-03
864,  5.3954348E-01,304025,  1.6199004E-02,  1.2727531E-01,  2.2022791E-02
865,  5.1785308E-01,307065,  1.6180700E-02,  1.2720338E-01,  1.9063943E-02
866,  5.2981604E-01,310135,  1.6162075E-02,  1.2713015E-01,  3.5967328E-03
867,  5.2325318E-01,313236,  1.6143650E-02,  1.2705766E-01,  8.8348851E-03
868,  5.2189107E-01,316368,  1.6125312E-02,  1.2698548E-01,  1.1415040E-02
869,  5.3405388E-01,319531,  1.6106765E-02,  1.2691243E-01,  1.1624204E-02
870,  5.1990360E-01,322726,  1.6088585E-02,  1.2684078E-01,  1.5179769E-02
871,  5.3153467E-01,325953,  1.6070146E-02,  1.2676808E-01,  6.8522099E-03
872,  5.4343991E-01,329212,  1.6051766E-02,  1.2669556E-01,  2.9403555E-02
873,  5.2577457E-01,332504,  1.6033521E-02,  1.2662354E-01,  4.0587739E-03
874,  5.2680867E-01,335829,  1.6015292E-02,  1.2655154E-01,  2.0999447E-03
875,  5.3226152E-01,339187,  1.5997014E-02,  1.2647930E-01,  8.2290483E-03
876,  5.3106111E-01,342578,  1.5978791E-02,  1.2640724E-01,  5.9551766E-03
877,  5.2908361E-01,346003,  1.5960640E-02,  1.2633543E-01,  2.2093292E-03
878,  5.2807557E-01,349463,  1.5942549E-02,  1.2626381E-01,  2.9986222E-04
879,  5.2854033E-01,352957,  1.5924491E-02,  1.2619228E-01,  1.1802383E-03
880,  5.2636790E-01,356486,  1.5906519E-02,  1.2612105E-01,  2.9348613E-03
881,  5.2331971E-01,360050,  1.5888671E-02,  1.2605027E-01,  8.7088626E-03
882,  5.2835884E-01,363650,  1.5870738E-02,  1.2597912E-01,  8.3644011E-04
883,  5.2506094E-01,367286,  1.5852920E-02,  1.2590838E-01,  5.4105602E-03
884,  5.3072917E-01,370958,  1.5835029E-02,  1.2583731E-01,  5.3264135E-03
885,  5.1536273E-01,374667,  1.5817654E-02,  1.2576826E-01,  2.3781259E-02
886,  5.3574799E-01,378413,  1.5799802E-02,  1.2569726E-01,  1.4833245E-02
887,  5.3310371E-01,382197,  1.5782005E-02,  1.2562645E-01,  9.8243410E-03
888,  5.2861716E-01,386018,  1.5764307E-02,  1.2555599E-01,  1.3257718E-03
889,  5.3532841E-01,389878,  1.5746576E-02,  1.2548536E-01,  1.4038456E-02
890,  5.2569469E-01,393776,  1.5729021E-02,  1.2541539E-01,  4.2100783E-03
891,  5.2503294E-01,397713,  1.5711521E-02,  1.2534561E-01,  5.4636003E-03
892,  5.3672959E-01,401690,  1.5693907E-02,  1.2527533E-01,  1.6692630E-02
893,  5.1722613E-01,405706,  1.5676758E-02,  1.2520686E-01,  2.0251540E-02
894,  5.2780224E-01,409763,  1.5659311E-02,  1.2513717E-01,  2.1787855E-04
895,  5.3094453E-01,413860,  1.5641851E-02,  1.2506739E-01,  5.7343587E-03
896,  5.1857944E-01,417998,  1.5624759E-02,  1.2499904E-01,  1.7688046E-02
897,  5.3435749E-01,422177,  1.5607346E-02,  1.2492936E-01,  1.2199314E-02
898,  5.2697608E-01,426398,  1.5590070E-02,  1.2486020E-01,  1.7828249E-03
899,  5.3851476E-01,430661,  1.5572733E-02,  1.2479075E-01,  2.0074163E-02
900,  5.2873768E-01,434967,  1.5555499E-02,  1.2472169E-01,  1.5540536E-03
901,  5.3531686E-01,439316,  1.5538236E-02,  1.2465246E-01,  1.4016588E-02
902,  5.2551927E-01,443709,  1.5521147E-02,  1.2458389E-01,  4.5423758E-03
903,  5.2004082E-01,448146,  1.5504263E-02,  1.2451611E-01,  1.4919855E-02
904,  5.2878530E-01,452627,  1.5487180E-02,  1.2444750E-01,  1.6442576E-03
905,  5.2628236E-01,457153,  1.5470184E-02,  1.2437920E-01,  3.0968961E-03
906,  5.3092952E-01,461724,  1.5453144E-02,  1.2431068E-01,  5.7059265E-03
907,  5.2819693E-01,466341,  1.5436184E-02,  1.2424244E-01,  5.2975030E-04
908,  5.2725244E-01,471004,  1.5419280E-02,  1.2417439E-01,  1.2593443E-03
909,  5.2985508E-01,475714,  1.5402366E-02,  1.2410627E-01,  3.6706749E-03
910,  5.2595208E-01,480471,  1.5385564E-02,  1.2403856E-01,  3.7225314E-03
911,  5.3927924E-01,485275,  1.5368683E-02,  1.2397049E-01,  2.1522263E-02
912,  5.2448291E-01,490127,  1.5351991E-02,  1.2390315E-01,  6.5054820E-03
913,  5.3335905E-01,495028,  1.5335187E-02,  1.2383532E-01,  1.0308017E-02
914,  5.3307529E-01,499978,  1.5318422E-02,  1.2376761E-01,  9.7705156E-03
915,  5.2355958E-01,504977,  1.5301864E-02,  1.2370071E-01,  8.2544832E-03
916,  5.2639785E-01,510026,  1.5285271E-02,  1.2363362E-01,  2.8781348E-03
917,  5.2816955E-01,515126,  1.5268678E-02,  1.2356649E-01,  4.7788252E-04
918,  5.2814009E-01,520277,  1.5252121E-02,  1.2349948E-01,  4.2207286E-04
919,  5.3190261E-01,525479,  1.5235548E-02,  1.2343236E-01,  7.5491834E-03
920,  5.2485644E-01,530733,  1.5219134E-02,  1.2336585E-01,  5.7979209E-03
921,  5.3262109E-01,536040,  1.5202625E-02,  1.2329893E-01,  8.9101488E-03
922,  5.2474257E-01,541400,  1.5186285E-02,  1.2323265E-01,  6.0136259E-03
923,  5.3418995E-01,546814,  1.5169838E-02,  1.2316590E-01,  1.1881951E-02
924,  5.2374959E-01,552282,  1.5153594E-02,  1.2309994E-01,  7.8945557E-03
925,  5.2972640E-01,557804,  1.5137261E-02,  1.2303358E-01,  3.4269319E-03
926,  5.3591169E-01,563382,  1.5120914E-02,  1.2296713E-01,  1.5143330E-02
927,  5.3394196E-01,569015,  1.5104609E-02,  1.2290081E-01,  1.1412197E-02
928,  5.2753787E-01,574705,  1.5088418E-02,  1.2283492E-01,  7.1866679E-04
929,  5.2525960E-01,580452,  1.5072310E-02,  1.2276934E-01,  5.0342480E-03
930,  5.2812617E-01,586256,  1.5056177E-02,  1.2270361E-01,  3.9571923E-04
931,  5.2917931E-01,592118,  1.5040060E-02,  1.2263792E-01,  2.3906041E-03
932,  5.2044391E-01,598039,  1.5024195E-02,  1.2257322E-01,  1.4156311E-02
933,  5.2281709E-01,604019,  1.5008289E-02,  1.2250832E-01,  9.6609450E-03
934,  5.3267732E-01,610059,  1.4992234E-02,  1.2244278E-01,  9.0166672E-03
935,  5.2201483E-01,616159,  1.4976419E-02,  1.2237818E-01,  1.1180603E-02
936,  5.3720796E-01,622320,  1.4960420E-02,  1.2231279E-01,  1.7598777E-02
937,  5.2879584E-01,628543,  1.4944514E-02,  1.2224776E-01,  1.6642234E-03
938,  5.2906971E-01,634828,  1.4928638E-02,  1.2218281E-01,  2.1829920E-03
939,  5.3148376E-01,641176,  1.4912764E-02,  1.2211783E-01,  6.7557871E-03
940,  5.2500985E-01,647587,  1.4897035E-02,  1.2205341E-01,  5.5073251E-03
941,  5.2242416E-01,654062,  1.4881409E-02,  1.2198938E-01,  1.0405233E-02
942,  5.4013895E-01,660602,  1.4865627E-02,  1.2192468E-01,  2.3150749E-02
943,  5.3036791E-01,667208,  1.4849900E-02,  1.2186017E-01,  4.6420988E-03
944,  5.2848640E-01,673880,  1.4834233E-02,  1.2179587E-01,  1.0780789E-03
945,  5.2906563E-01,680618,  1.4818591E-02,  1.2173163E-01,  2.1752735E-03
946,  5.2687803E-01,687424,  1.4803019E-02,  1.2166766E-01,  1.9685567E-03
947,  5.3520194E-01,694298,  1.4787389E-02,  1.2160341E-01,  1.3798889E-02
948,  5.2118776E-01,701241,  1.4772030E-02,  1.2154024E-01,  1.2747278E-02
949,  5.2831011E-01,708253,  1.4756530E-02,  1.2147646E-01,  7.4414093E-04
950,  5.2861748E-01,715335,  1.4741058E-02,  1.2141276E-01,  1.3263736E-03
951,  5.3159596E-01,722488,  1.4725580E-02,  1.2134900E-01,  6.9683187E-03
952,  5.2966427E-01,729712,  1.4710157E-02,  1.2128544E-01,  3.3092473E-03
953,  5.2285054E-01,737009,  1.4694909E-02,  1.2122256E-01,  9.5975692E-03
954,  5.3232211E-01,744379,  1.4679521E-02,  1.2115907E-01,  8.3438233E-03
955,  5.2309987E-01,751822,  1.4664329E-02,  1.2109636E-01,  9.1252947E-03
956,  5.2478468E-01,759340,  1.4649126E-02,  1.2103357E-01,  5.9338657E-03
957,  5.2750151E-01,766933,  1.4633897E-02,  1.2097064E-01,  7.8753554E-04
958,  5.2275672E-01,774602,  1.4618809E-02,  1.2090826E-01,  9.7752858E-03
959,  5.3322387E-01,782348,  1.4603574E-02,  1.2084525E-01,  1.0051960E-02
960,  5.2989860E-01,790171,  1.4588402E-02,  1.2078246E-01,  3.7531197E-03
961,  5.2750089E-01,798072,  1.4573299E-02,  1.2071992E-01,  7.8871499E-04
962,  5.2126909E-01,806052,  1.4558380E-02,  1.2065811E-01,  1.2593212E-02
963,  5.3102415E-01,814112,  1.4543289E-02,  1.2059556E-01,  5.8851760E-03
964,  5.3116017E-01,822253,  1.4528228E-02,  1.2053310E-01,  6.1428329E-03
965,  5.2556681E-01,830475,  1.4513287E-02,  1.2047111E-01,  4.4523147E-03
966,  5.2357700E-01,838779,  1.4498425E-02,  1.2040941E-01,  8.2214912E-03
967,  5.2571163E-01,847166,  1.4483543E-02,  1.2034759E-01,  4.1779877E-03
968,  5.2675016E-01,855637,  1.4468670E-02,  1.2028579E-01,  2.2107744E-03
969,  5.3060942E-01,864193,  1.4453769E-02,  1.2022383E-01,  5.0995700E-03
970,  5.2422205E-01,872834,  1.4439013E-02,  1.2016244E-01,  6.9996174E-03
971,  5.3045858E-01,881562,  1.4424175E-02,  1.2010069E-01,  4.8138399E-03
972,  5.2791505E-01,890377,  1.4409403E-02,  1.2003917E-01,  4.1918022E-06
973,  5.2375988E-01,899280,  1.4394748E-02,  1.1997811E-01,  7.8750777E-03
974,  5.3208858E-01,908272,  1.4379985E-02,  1.1991657E-01,  7.9014475E-03
975,  5.2794496E-01,917354,  1.4365303E-02,  1.1985534E-01,  5.2465916E-05
976,  5.2521210E-01,926527,  1.4350703E-02,  1.1979442E-01,  5.1242289E-03
977,  5.2221822E-01,935792,  1.4336209E-02,  1.1973391E-01,  1.0795346E-02
978,  5.2994420E-01,945149,  1.4321587E-02,  1.1967283E-01,  3.8394965E-03
979,  5.2351102E-01,954600,  1.4307117E-02,  1.1961236E-01,  8.3464647E-03
980,  5.3350341E-01,964146,  1.4292524E-02,  1.1955134E-01,  1.0581478E-02
981,  5.2585511E-01,973787,  1.4278058E-02,  1.1949083E-01,  3.9062068E-03
982,  5.2861629E-01,983524,  1.4263573E-02,  1.1943020E-01,  1.3241120E-03
983,  5.3056056E-01,993359,  1.4249092E-02,  1.1936956E-01,  5.0070213E-03
984,  5.2958178E-01,1003292,  1.4234653E-02,  1.1930906E-01,  3.1529812E-03
985,  5.2954949E-01,1013324,  1.4220242E-02,  1.1924866E-01,  3.0918135E-03
986,  5.2532335E-01,1023457,  1.4205934E-02,  1.1918865E-01,  4.9134972E-03
987,  5.2449418E-01,1033691,  1.4191673E-02,  1.1912881E-01,  6.4841281E-03
988,  5.3393005E-01,1044027,  1.4177313E-02,  1.1906852E-01,  1.1389637E-02
989,  5.2842088E-01,1054467,  1.4163034E-02,  1.1900855E-01,  9.5395704E-04
990,  5.2721303E-01,1065011,  1.4148804E-02,  1.1894874E-01,  1.3339834E-03
991,  5.2763054E-01,1075661,  1.4134595E-02,  1.1888900E-01,  5.4312924E-04
992,  5.2861843E-01,1086417,  1.4120399E-02,  1.1882929E-01,  1.3281650E-03
993,  5.2910332E-01,1097281,  1.4106226E-02,  1.1876963E-01,  2.2466664E-03
994,  5.2969782E-01,1108253,  1.4092072E-02,  1.1871003E-01,  3.3727940E-03
995,  5.2721712E-01,1119335,  1.4077984E-02,  1.1865068E-01,  1.3262473E-03
996,  5.2817434E-01,1130528,  1.4063909E-02,  1.1859135E-01,  4.8695600E-04
997,  5.3086599E-01,1141833,  1.4049827E-02,  1.1853197E-01,  5.5855849E-03
998,  5.2881921E-01,1153251,  1.4035798E-02,  1.1847277E-01,  1.7085046E-03
999,  5.2774200E-01,1164783,  1.4021814E-02,  1.1841374E-01,  3.3199038E-04
1000,  5.2498505E-01,1176430,  1.4007909E-02,  1.1835501E-01,  5.5543110E-03
1001,  5.2499158E-01,1188194,  1.3994032E-02,  1.1829637E-01,  5.5419463E-03
1002,  5.2805807E-01,1200075,  1.3980125E-02,  1.1823758E-01,  2.6671167E-04
1003,  5.2996505E-01,1212075,  1.3966221E-02,  1.1817877E-01,  3.8789936E-03
1004,  5.2402491E-01,1224195,  1.3952448E-02,  1.1812048E-01,  7.3730487E-03
1005,  5.2657878E-01,1236437,  1.3938648E-02,  1.1806205E-01,  2.5354098E-03
1006,  5.2882203E-01,1248801,  1.3924841E-02,  1.1800356E-01,  1.7138312E-03
1007,  5.2784436E-01,1261289,  1.3911075E-02,  1.1794522E-01,  1.3809390E-04
1008,  5.2971478E-01,1273901,  1.3897310E-02,  1.1788685E-01,  3.4049160E-03
1009,  5.2781645E-01,1286640,  1.3883599E-02,  1.1782868E-01,  1.9096513E-04
1010,  5.2461835E-01,1299506,  1.3869975E-02,  1.1777086E-01,  6.2489342E-03
1011,  5.2650853E-01,1312501,  1.3856339E-02,  1.1771295E-01,  2.6684737E-03
1012,  5.2737736E-01,1325626,  1.3842716E-02,  1.1765507E-01,  1.0227180E-03
1013,  5.2770609E-01,1338882,  1.3829114E-02,  1.1759725E-01,  4.0002326E-04
1014,  5.2835526E-01,1352270,  1.3815529E-02,  1.1753948E-01,  8.2965564E-04
1015,  5.3136403E-01,1365792,  1.3801936E-02,  1.1748164E-01,  6.5289928E-03
1016,  5.2007744E-01,1379449,  1.3788591E-02,  1.1742483E-01,  1.4850488E-02
1017,  5.2689475E-01,1393243,  1.3775108E-02,  1.1736741E-01,  1.9368837E-03
1018,  5.2789237E-01,1407175,  1.3761636E-02,  1.1731000E-01,  4.7155565E-05
1019,  5.3045274E-01,1421246,  1.3748157E-02,  1.1725254E-01,  4.8027823E-03
1020,  5.2940476E-01,1435458,  1.3734717E-02,  1.1719521E-01,  2.8176561E-03
1021,  5.2735884E-01,1449812,  1.3721332E-02,  1.1713809E-01,  1.0577942E-03
1022,  5.2689784E-01,1464310,  1.3707980E-02,  1.1708108E-01,  1.9310358E-03
1023,  5.2634186E-01,1478953,  1.3694664E-02,  1.1702420E-01,  2.9841961E-03
1024,  5.2608814E-01,1493742,  1.3681379E-02,  1.1696743E-01,  3.4648046E-03
1025,  5.2619000E-01,1508679,  1.3668118E-02,  1.1691073E-01,  3.2718490E-03
1026,  5.2414869E-01,1523765,  1.3654924E-02,  1.1685428E-01,  7.1385664E-03
1027,  5.3256745E-01,1539002,  1.3641637E-02,  1.1679742E-01,  8.8085527E-03
1028,  5.2800406E-01,1554392,  1.3628422E-02,  1.1674083E-01,  1.6440275E-04
1029,  5.2816738E-01,1569935,  1.3615231E-02,  1.1668432E-01,  4.7378108E-04
1030,  5.2798452E-01,1585634,  1.3602068E-02,  1.1662791E-01,  1.2740282E-04
1031,  5.2535143E-01,1601490,  1.3588976E-02,  1.1657176E-01,  4.8602942E-03
1032,  5.2688001E-01,1617504,  1.3575881E-02,  1.1651558E-01,  1.9648139E-03
1033,  5.2551359E-01,1633679,  1.3562836E-02,  1.1645959E-01,  4.5531293E-03
1034,  5.3247864E-01,1650015,  1.3549728E-02,  1.1640330E-01,  8.6403127E-03
1035,  5.2311376E-01,1666515,  1.3536786E-02,  1.1634769E-01,  9.0989727E-03
1036,  5.2837369E-01,1683180,  1.3523768E-02,  1.1629174E-01,  8.6458438E-04
1037,  5.3046411E-01,1700011,  1.3510752E-02,  1.1623576E-01,  4.8243258E-03
1038,  5.2968279E-01,1717011,  1.3497768E-02,  1.1617990E-01,  3.3443104E-03
1039,  5.2902601E-01,1734181,  1.3484817E-02,  1.1612415E-01,  2.1002148E-03
1040,  5.2603548E-01,1751522,  1.3471937E-02,  1.1606867E-01,  3.5645484E-03
1041,  5.2878913E-01,1769037,  1.3459039E-02,  1.1601310E-01,  1.6515176E-03
1042,  5.2824138E-01,1786727,  1.3446172E-02,  1.1595763E-01,  6.1394881E-04
1043,  5.2404853E-01,1804594,  1.3433405E-02,  1.1590257E-01,  7.3283032E-03
1044,  5.2594622E-01,1822639,  1.3420625E-02,  1.1584742E-01,  3.7336359E-03
1045,  5.2773944E-01,1840865,  1.3407839E-02,  1.1579222E-01,  3.3684127E-04
1046,  5.2802520E-01,1859273,  1.3395073E-02,  1.1573709E-01,  2.0445915E-04
1047,  5.2476645E-01,1877865,  1.3382388E-02,  1.1568227E-01,  5.9683923E-03
1048,  5.2742634E-01,1896643,  1.3369680E-02,  1.1562733E-01,  9.2992312E-04
1049,  5.2638007E-01,1915609,  1.3357012E-02,  1.1557254E-01,  2.9118141E-03
1050,  5.2717367E-01,1934765,  1.3344356E-02,  1.1551777E-01,  1.4085530E-03
1051,  5.2950579E-01,1954112,  1.3331692E-02,  1.1546295E-01,  3.0090488E-03
1052,  5.2927410E-01,1973653,  1.3319055E-02,  1.1540821E-01,  2.5701574E-03
1053,  5.2797774E-01,1993389,  1.3306458E-02,  1.1535362E-01,  1.1455541E-04
1054,  5.2919107E-01,2013322,  1.3293870E-02,  1.1529905E-01,  2.4128773E-03
1055,  5.2955655E-01,2033455,  1.3281301E-02,  1.1524453E-01,  3.1051960E-03
1056,  5.2293815E-01,2053789,  1.3268870E-02,  1.1519058E-01,  9.4316309E-03
1057,  5.3313972E-01,2074326,  1.3256322E-02,  1.1513610E-01,  9.8925551E-03
1058,  5.2760012E-01,2095069,  1.3243849E-02,  1.1508192E-01,  6.0075533E-04
1059,  5.2718512E-01,2116019,  1.3231406E-02,  1.1502785E-01,  1.3868503E-03
1060,  5.2501765E-01,2137179,  1.3219024E-02,  1.1497401E-01,  5.4925541E-03
1061,  5.2352009E-01,2158550,  1.3206696E-02,  1.1492039E-01,  8.3292909E-03
1062,  5.2958989E-01,2180135,  1.3194291E-02,  1.1486641E-01,  3.1683533E-03
1063,  5.3104770E-01,2201936,  1.3181896E-02,  1.1481244E-01,  5.9297857E-03
1064,  5.2836302E-01,2223955,  1.3169552E-02,  1.1475867E-01,  8.4436105E-04
1065,  5.3060855E-01,2246194,  1.3157207E-02,  1.1470487E-01,  5.0979185E-03
1066,  5.2893753E-01,2268656,  1.3144903E-02,  1.1465122E-01,  1.9326208E-03
1067,  5.3112820E-01,2291342,  1.3132599E-02,  1.1459755E-01,  6.0822703E-03
1068,  5.2517100E-01,2314255,  1.3120399E-02,  1.1454431E-01,  5.2020844E-03
1069,  5.2766580E-01,2337397,  1.3108179E-02,  1.1449096E-01,  4.7634159E-04
1070,  5.2980627E-01,2360771,  1.3095957E-02,  1.1443757E-01,  3.5782243E-03
1071,  5.2685040E-01,2384378,  1.3083795E-02,  1.1438442E-01,  2.0208904E-03
1072,  5.2928858E-01,2408221,  1.3071623E-02,  1.1433120E-01,  2.5975861E-03
1073,  5.3021619E-01,2432303,  1.3059465E-02,  1.1427801E-01,  4.3546989E-03
1074,  5.2779119E-01,2456626,  1.3047357E-02,  1.1422503E-01,  2.3880815E-04
1075,  5.3017875E-01,2481192,  1.3035243E-02,  1.1417199E-01,  4.2837831E-03
1076,  5.2635112E-01,2506004,  1.3023202E-02,  1.1411925E-01,  2.9666433E-03
1077,  5.2486268E-01,2531064,  1.3011210E-02,  1.1406669E-01,  5.7861017E-03
1078,  5.2842676E-01,2556374,  1.2999183E-02,  1.1401396E-01,  9.6510863E-04
1079,  5.2899126E-01,2581937,  1.2987171E-02,  1.1396127E-01,  2.0344066E-03
1080,  5.3052489E-01,2607756,  1.2975166E-02,  1.1390859E-01,  4.9394520E-03
1081,  5.2466600E-01,2633833,  1.2963266E-02,  1.1385634E-01,  6.1586585E-03
1082,  5.2588216E-01,2660171,  1.2951365E-02,  1.1380407E-01,  3.8549630E-03
1083,  5.2508643E-01,2686772,  1.2939501E-02,  1.1375193E-01,  5.3622730E-03
1084,  5.2884953E-01,2713639,  1.2927601E-02,  1.1369961E-01,  1.7659217E-03
1085,  5.2611764E-01,2740775,  1.2915761E-02,  1.1364753E-01,  3.4089092E-03
1086,  5.2953982E-01,2768182,  1.2903898E-02,  1.1359532E-01,  3.0735092E-03
1087,  5.2622975E-01,2795863,  1.2892100E-02,  1.1354338E-01,  3.1965541E-03
1088,  5.2918777E-01,2823821,  1.2880283E-02,  1.1349133E-01,  2.4066339E-03
1089,  5.2787140E-01,2852059,  1.2868504E-02,  1.1343943E-01,  8.6883188E-05
1090,  5.2691732E-01,2880579,  1.2856760E-02,  1.1338765E-01,  1.8941326E-03
1091,  5.3016887E-01,2909384,  1.2844998E-02,  1.1333578E-01,  4.2650644E-03
1092,  5.3056899E-01,2938477,  1.2833254E-02,  1.1328395E-01,  5.0229914E-03
1093,  5.2839912E-01,2967861,  1.2821554E-02,  1.1323230E-01,  9.1274183E-04
1094,  5.2894397E-01,2997539,  1.2809869E-02,  1.1318069E-01,  1.9448136E-03
1095,  5.2941530E-01,3027514,  1.2798200E-02,  1.1312913E-01,  2.8376260E-03
1096,  5.2879299E-01,3057789,  1.2786559E-02,  1.1307767E-01,  1.6588251E-03
1097,  5.3259152E-01,3088366,  1.2774909E-02,  1.1302614E-01,  8.8541501E-03
1098,  5.2689648E-01,3119249,  1.2763335E-02,  1.1297493E-01,  1.9336066E-03
1099,  5.2672124E-01,3150441,  1.2751785E-02,  1.1292380E-01,  2.2655542E-03
1100,  5.2687365E-01,3181945,  1.2740254E-02,  1.1287273E-01,  1.9768472E-03
1101,  5.2707035E-01,3213764,  1.2728741E-02,  1.1282172E-01,  1.6042498E-03
1102,  5.2782719E-01,3245901,  1.2717238E-02,  1.1277073E-01,  1.7062326E-04
1103,  5.2943984E-01,3278360,  1.2705737E-02,  1.1271973E-01,  2.8841090E-03
1104,  5.2846650E-01,3311143,  1.2694267E-02,  1.1266884E-01,  1.0403874E-03
1105,  5.2761361E-01,3344254,  1.2682829E-02,  1.1261807E-01,  5.7519027E-04
1106,  5.2579142E-01,3377696,  1.2671439E-02,  1.1256749E-01,  4.0268576E-03
1107,  5.2876084E-01,3411473,  1.2660028E-02,  1.1251679E-01,  1.5979244E-03
1108,  5.2918078E-01,3445587,  1.2648633E-02,  1.1246614E-01,  2.3933893E-03
1109,  5.2907334E-01,3480042,  1.2637259E-02,  1.1241556E-01,  2.1898772E-03
1110,  5.2790731E-01,3514842,  1.2625920E-02,  1.1236512E-01,  1.8859106E-05
1111,  5.2773816E-01,3549990,  1.2614603E-02,  1.1231475E-01,  3.3927305E-04
1112,  5.2759362E-01,3585489,  1.2603308E-02,  1.1226446E-01,  6.1305446E-04
1113,  5.2727789E-01,3621343,  1.2592038E-02,  1.1221425E-01,  1.2111262E-03
1114,  5.2855519E-01,3657556,  1.2580771E-02,  1.1216404E-01,  1.2083792E-03
1115,  5.2402885E-01,3694131,  1.2569596E-02,  1.1211421E-01,  7.3655719E-03
1116,  5.2488335E-01,3731072,  1.2558424E-02,  1.1206437E-01,  5.7469606E-03
1117,  5.2889462E-01,3768382,  1.2547214E-02,  1.1201435E-01,  1.8513482E-03
1118,  5.2906699E-01,3806065,  1.2536022E-02,  1.1196438E-01,  2.1778453E-03
1119,  5.2853138E-01,3844125,  1.2524856E-02,  1.1191450E-01,  1.1632852E-03
1120,  5.2754570E-01,3882566,  1.2513722E-02,  1.1186475E-01,  7.0382980E-04
1121,  5.3055088E-01,3921391,  1.2502576E-02,  1.1181492E-01,  4.9886870E-03
1122,  5.2812640E-01,3960604,  1.2491474E-02,  1.1176526E-01,  3.9615041E-04
1123,  5.2817558E-01,4000210,  1.2480392E-02,  1.1171567E-01,  4.8930955E-04
1124,  5.2873298E-01,4040212,  1.2469322E-02,  1.1166612E-01,  1.5451557E-03
1125,  5.2887240E-01,4080614,  1.2458271E-02,  1.1161662E-01,  1.8092499E-03
1126,  5.2937418E-01,4121420,  1.2447234E-02,  1.1156717E-01,  2.7597357E-03
1127,  5.3009004E-01,4162634,  1.2436210E-02,  1.1151776E-01,  4.1157408E-03
1128,  5.2777498E-01,4204260,  1.2425230E-02,  1.1146852E-01,  2.6951504E-04
1129,  5.2868268E-01,4246302,  1.2414259E-02,  1.1141929E-01,  1.4498709E-03
1130,  5.2798174E-01,4288765,  1.2403315E-02,  1.1137017E-01,  1.2213440E-04
1131,  5.3011159E-01,4331652,  1.2392368E-02,  1.1132102E-01,  4.1565759E-03
1132,  5.2752625E-01,4374968,  1.2381469E-02,  1.1127205E-01,  7.4067272E-04
1133,  5.2890550E-01,4418717,  1.2370572E-02,  1.1122307E-01,  1.8719395E-03
1134,  5.2914145E-01,4462904,  1.2359692E-02,  1.1117415E-01,  2.3189021E-03
1135,  5.2657284E-01,4507533,  1.2348863E-02,  1.1112544E-01,  2.5466585E-03
1136,  5.3000708E-01,4552608,  1.2338014E-02,  1.1107661E-01,  3.9586028E-03
1137,  5.2790026E-01,4598134,  1.2327205E-02,  1.1102795E-01,  3.2220516E-05
1138,  5.2793806E-01,4644115,  1.2316414E-02,  1.1097934E-01,  3.9387095E-05
1139,  5.2734485E-01,4690556,  1.2305650E-02,  1.1093084E-01,  1.0842880E-03
1140,  5.2733346E-01,4737461,  1.2294905E-02,  1.1088239E-01,  1.1058671E-03
1141,  5.2996715E-01,4784835,  1.2284150E-02,  1.1083389E-01,  3.8829715E-03
1142,  5.2891554E-01,4832683,  1.2273424E-02,  1.1078549E-01,  1.8909692E-03
1143,  5.2646232E-01,4881010,  1.2262747E-02,  1.1073729E-01,  2.7560124E-03
1144,  5.2940548E-01,4929820,  1.2252054E-02,  1.1068900E-01,  2.8190309E-03
1145,  5.2825051E-01,4979118,  1.2241391E-02,  1.1064082E-01,  6.3124492E-04
1146,  5.2873889E-01,5028909,  1.2230741E-02,  1.1059268E-01,  1.5563423E-03
1147,  5.2835570E-01,5079198,  1.2220114E-02,  1.1054462E-01,  8.3049075E-04
1148,  5.2945670E-01,5129990,  1.2209494E-02,  1.1049658E-01,  2.9160522E-03
1149,  5.2506700E-01,5181290,  1.2198950E-02,  1.1044886E-01,  5.3990724E-03
1150,  5.2618854E-01,5233103,  1.2188406E-02,  1.1040112E-01,  3.2746202E-03
1151,  5.2478196E-01,5285434,  1.2177904E-02,  1.1035354E-01,  5.9390154E-03
1152,  5.2799494E-01,5338288,  1.2167372E-02,  1.1030581E-01,  1.4712856E-04
1153,  5.2926209E-01,5391671,  1.2156846E-02,  1.1025809E-01,  2.5474207E-03
1154,  5.2506264E-01,5445587,  1.2146392E-02,  1.1021067E-01,  5.4073267E-03
1155,  5.2811175E-01,5500043,  1.2135914E-02,  1.1016312E-01,  3.6839352E-04
1156,  5.2916321E-01,5555043,  1.2125443E-02,  1.1011559E-01,  2.3601066E-03
1157,  5.2761111E-01,5610593,  1.2115007E-02,  1.1006819E-01,  5.7992576E-04
1158,  5.2693276E-01,5666699,  1.2104597E-02,  1.1002089E-01,  1.8648883E-03
1159,  5.2574267E-01,5723366,  1.2094222E-02,  1.0997374E-01,  4.1191893E-03
1160,  5.2687271E-01,5780599,  1.2083849E-02,  1.0992656E-01,  1.9786404E-03
1161,  5.2696805E-01,5838405,  1.2073493E-02,  1.0987945E-01,  1.7980389E-03
1162,  5.2898789E-01,5896789,  1.2063130E-02,  1.0983228E-01,  2.0280112E-03
1163,  5.2904700E-01,5955757,  1.2052785E-02,  1.0978518E-01,  2.1399786E-03
1164,  5.2683546E-01,6015314,  1.2042484E-02,  1.0973825E-01,  2.0492003E-03
1165,  5.2656342E-01,6075467,  1.2032203E-02,  1.0969140E-01,  2.5645068E-03
1166,  5.2803471E-01,6136221,  1.2021922E-02,  1.0964453E-01,  2.2246420E-04
1167,  5.2650021E-01,6197583,  1.2011678E-02,  1.0959780E-01,  2.6842354E-03
1168,  5.2779052E-01,6259559,  1.2001434E-02,  1.0955106E-01,  2.4009064E-04
1169,  5.2641728E-01,6322154,  1.1991226E-02,  1.0950445E-01,  2.8413366E-03
1170,  5.2797688E-01,6385375,  1.1981015E-02,  1.0945782E-01,  1.1291383E-04
1171,  5.2686920E-01,6449228,  1.1970835E-02,  1.0941131E-01,  1.9852797E-03
1172,  5.2800754E-01,6513720,  1.1960658E-02,  1.0936479E-01,  1.7099130E-04
1173,  5.2708904E-01,6578857,  1.1950510E-02,  1.0931839E-01,  1.5688550E-03
1174,  5.3000673E-01,6644645,  1.1940349E-02,  1.0927190E-01,  3.9579350E-03
1175,  5.2617078E-01,6711091,  1.1930248E-02,  1.0922567E-01,  3.3082596E-03
1176,  5.2870506E-01,6778202,  1.1920133E-02,  1.0917936E-01,  1.4922587E-03
1177,  5.2804726E-01,6845984,  1.1910042E-02,  1.0913314E-01,  2.4623804E-04
1178,  5.2755650E-01,6914444,  1.1899973E-02,  1.0908700E-01,  6.8337564E-04
1179,  5.2380529E-01,6983588,  1.1889979E-02,  1.0904118E-01,  7.7890562E-03
1180,  5.2656182E-01,7053424,  1.1879957E-02,  1.0899522E-01,  2.5675264E-03
1181,  5.2828288E-01,7123958,  1.1869932E-02,  1.0894922E-01,  6.9256867E-04
1182,  5.2652584E-01,7195197,  1.1859944E-02,  1.0890337E-01,  2.6356843E-03
1183,  5.2678592E-01,7267149,  1.1849970E-02,  1.0885757E-01,  2.1430363E-03
1184,  5.2847337E-01,7339820,  1.1839993E-02,  1.0881173E-01,  1.0533958E-03
1185,  5.2754606E-01,7413218,  1.1830043E-02,  1.0876600E-01,  7.0314362E-04
1186,  5.2843901E-01,7487350,  1.1820099E-02,  1.0872028E-01,  9.8830093E-04
1187,  5.2809068E-01,7562223,  1.1810177E-02,  1.0867464E-01,  3.2849112E-04
1188,  5.2961839E-01,7637845,  1.1800256E-02,  1.0862898E-01,  3.2223383E-03
1189,  5.3013028E-01,7714223,  1.1790348E-02,  1.0858337E-01,  4.1919766E-03
1190,  5.2658401E-01,7791365,  1.1780493E-02,  1.0853798E-01,  2.5254944E-03
1191,  5.2873777E-01,7869278,  1.1770630E-02,  1.0849253E-01,  1.5542319E-03
1192,  5.3032341E-01,7947970,  1.1760770E-02,  1.0844708E-01,  4.5578050E-03
1193,  5.2600375E-01,8027449,  1.1750972E-02,  1.0840190E-01,  3.6246428E-03
1194,  5.2771484E-01,8107723,  1.1741169E-02,  1.0835668E-01,  3.8344710E-04
1195,  5.2989283E-01,8188800,  1.1731362E-02,  1.0831141E-01,  3.7421937E-03
1196,  5.2781108E-01,8270688,  1.1721590E-02,  1.0826629E-01,  2.0113379E-04
1197,  5.2674063E-01,8353395,  1.1711848E-02,  1.0822129E-01,  2.2288310E-03
1198,  5.2790644E-01,8436929,  1.1702108E-02,  1.0817628E-01,  2.0503155E-05
1199,  5.2638421E-01,8521298,  1.1692403E-02,  1.0813142E-01,  2.9039654E-03
1200,  5.2603444E-01,8606511,  1.1682719E-02,  1.0808663E-01,  3.5665189E-03
